"날짜","종가","시가","고가","저가","거래량","변동 %"
"2020- 12- 31","51.95","51.58","52.15","51.13","2.97M","0.62%"
"2020- 12- 30","51.63","51.14","51.81","51.06","3.89M","1.28%"
"2020- 12- 29","50.98","51.90","51.93","50.73","3.78M","-1.54%"
"2020- 12- 28","51.78","51.89","52.31","51.35","4.35M","0.64%"
"2020- 12- 24","51.45","51.85","51.86","50.86","2.15M","-0.50%"
"2020- 12- 23","51.71","50.47","51.80","50.47","8.76M","3.30%"
"2020- 12- 22","50.06","50.72","50.84","50.02","5.32M","-0.77%"
"2020- 12- 21","50.45","50.25","50.79","49.68","7.28M","-0.26%"
"2020- 12- 18","50.58","51.41","51.59","50.29","7.25M","-1.48%"
"2020- 12- 17","51.34","51.61","51.61","50.71","5.17M","-0.43%"
"2020- 12- 16","51.56","51.67","51.71","51.05","5.31M","0.08%"
"2020- 12- 15","51.52","50.83","51.62","50.42","7.03M","2.20%"
"2020- 12- 14","50.41","51.58","51.70","50.20","6.86M","-0.65%"
"2020- 12- 11","50.74","50.58","51.06","50.31","6.17M","-0.94%"
"2020- 12- 10","51.22","50.46","51.28","50.33","5.40M","0.39%"
"2020- 12- 09","51.02","51.26","51.70","50.66","8.91M","0.39%"
"2020- 12- 08","50.82","50.29","51.06","50.28","3.80M","-0.04%"
"2020- 12- 07","50.84","50.74","51.02","50.06","6.19M","-0.14%"
"2020- 12- 04","50.91","50.52","51.04","50.19","7.05M","1.92%"
"2020- 12- 03","49.95","49.76","50.34","49.26","8.15M","0.54%"
"2020- 12- 02","49.68","48.73","49.91","48.49","8.04M","1.76%"
"2020- 12- 01","48.82","48.78","49.45","48.52","10.44M","2.56%"
"2020- 11- 30","47.60","49.02","49.42","47.50","11.75M","-3.70%"
"2020- 11- 27","49.43","50.05","50.19","48.95","5.89M","-1.44%"
"2020- 11- 25","50.15","50.48","50.60","49.52","9.33M","-1.53%"
"2020- 11- 24","50.93","49.63","51.06","49.54","13.47M","4.92%"
"2020- 11- 23","48.54","48.44","48.92","48.18","6.68M","1.83%"
"2020- 11- 20","47.67","47.78","47.91","47.22","7.19M","-1.10%"
"2020- 11- 19","48.20","47.85","48.26","47.26","7.06M","0.17%"
"2020- 11- 18","48.12","49.21","49.60","48.10","7.13M","-1.74%"
"2020- 11- 17","48.97","48.29","49.10","47.58","7.03M","-0.39%"
"2020- 11- 16","49.16","49.02","49.48","48.37","11.71M","4.22%"
"2020- 11- 13","47.17","46.35","47.41","46.27","7.97M","2.97%"
"2020- 11- 12","45.81","45.93","46.33","45.16","10.77M","-2.24%"
"2020- 11- 11","46.86","48.57","48.61","46.40","10.79M","-3.02%"
"2020- 11- 10","48.32","48.02","48.81","47.34","12.37M","1.21%"
"2020- 11- 09","47.74","45.76","48.83","45.22","25.41M","15.43%"
"2020- 11- 06","41.36","42.75","42.87","41.19","8.91M","-2.27%"
"2020- 11- 05","42.32","40.62","42.63","40.48","11.97M","4.83%"
"2020- 11- 04","40.37","41.66","41.85","40.33","21.19M","-7.13%"
"2020- 11- 03","43.47","43.08","43.79","43.01","10.27M","2.77%"
"2020- 11- 02","42.30","41.79","42.49","41.10","9.64M","2.79%"
"2020- 10- 30","41.15","40.25","41.19","40.25","7.75M","1.50%"
"2020- 10- 29","40.54","39.52","40.73","38.81","6.85M","2.63%"
"2020- 10- 28","39.50","39.37","40.26","39.28","9.58M","-1.99%"
"2020- 10- 27","40.30","41.61","41.66","40.25","10.21M","-3.45%"
"2020- 10- 26","41.74","41.97","42.07","41.20","9.92M","-2.00%"
"2020- 10- 23","42.59","42.47","43.09","41.84","11.45M","1.14%"
"2020- 10- 22","42.11","40.21","42.15","40.21","12.62M","4.75%"
"2020- 10- 21","40.20","40.11","40.53","39.91","9.19M","0.37%"
"2020- 10- 20","40.05","39.58","40.78","39.55","12.00M","2.30%"
"2020- 10- 19","39.15","39.70","40.03","39.08","9.60M","-0.66%"
"2020- 10- 16","39.41","39.51","39.73","38.75","7.50M","0.25%"
"2020- 10- 15","39.31","37.96","39.34","37.87","6.97M","2.42%"
"2020- 10- 14","38.38","38.92","39.40","38.35","11.13M","-1.49%"
"2020- 10- 13","38.96","40.02","40.02","38.84","10.61M","-3.08%"
"2020- 10- 12","40.20","39.67","40.26","39.49","7.60M","1.36%"
"2020- 10- 09","39.66","40.36","40.58","39.47","13.01M","-1.12%"
"2020- 10- 08","40.11","39.80","40.26","39.52","7.71M","1.54%"
"2020- 10- 07","39.50","38.98","39.98","38.96","9.56M","2.84%"
"2020- 10- 06","38.41","38.90","40.01","38.23","17.28M","-0.18%"
"2020- 10- 05","38.48","37.40","38.53","37.39","13.91M","4.17%"
"2020- 10- 04","36.94","36.94","36.94","36.94","","0.00%"
"2020- 10- 03","36.94","36.94","36.94","36.94","","0.00%"
"2020- 10- 02","36.94","35.17","37.12","35.17","9.63M","2.84%"
"2020- 10- 01","35.92","35.88","36.16","35.38","8.60M","0.67%"
"2020- 09- 30","35.68","35.37","36.16","35.36","8.97M","1.11%"
"2020- 09- 29","35.29","35.71","35.71","34.72","4.57M","-1.37%"
"2020- 09- 28","35.78","35.08","36.04","35.08","6.20M","3.56%"
"2020- 09- 27","34.55","34.55","34.55","34.55","","0.00%"
"2020- 09- 26","34.55","34.55","34.55","34.55","","0.00%"
"2020- 09- 25","34.55","33.79","34.64","33.58","6.36M","1.59%"
"2020- 09- 24","34.01","34.00","34.81","33.48","6.60M","0.32%"
"2020- 09- 23","33.90","34.85","35.55","33.87","6.70M","-2.11%"
"2020- 09- 22","34.63","35.45","35.95","34.47","8.55M","-2.42%"
"2020- 09- 21","35.49","36.40","36.73","35.11","12.65M","-5.61%"
"2020- 09- 18","37.60","37.95","38.10","37.41","8.62M","-0.74%"
"2020- 09- 17","37.88","37.48","38.06","37.33","5.75M","-0.55%"
"2020- 09- 16","38.09","37.75","38.69","37.38","7.47M","1.06%"
"2020- 09- 15","37.69","38.55","38.58","37.56","7.28M","-1.87%"
"2020- 09- 14","38.41","37.73","38.74","37.51","7.95M","2.48%"
"2020- 09- 13","37.48","37.48","37.48","37.48","","0.00%"
"2020- 09- 11","37.48","37.39","37.66","36.97","7.75M","0.54%"
"2020- 09- 10","37.28","38.29","38.43","37.25","10.96M","-1.84%"
"2020- 09- 09","37.98","38.52","38.58","37.58","8.38M","-0.63%"
"2020- 09- 08","38.22","39.40","39.48","37.96","10.74M","-4.04%"
"2020- 09- 04","39.83","39.92","40.46","39.13","12.92M","2.10%"
"2020- 09- 03","39.01","39.11","40.65","38.85","12.68M","0.08%"
"2020- 09- 02","38.98","38.77","39.17","38.37","6.83M","0.75%"
"2020- 09- 01","38.69","38.55","39.11","37.98","8.75M","0.10%"
"2020- 08- 31","38.65","39.33","39.33","38.64","7.16M","-1.73%"
"2020- 08- 30","39.33","39.33","39.33","39.33","","0.00%"
"2020- 08- 28","39.33","39.77","39.83","39.06","6.59M","-0.08%"
"2020- 08- 27","39.36","38.56","39.77","38.56","7.94M","2.02%"
"2020- 08- 26","38.58","39.54","39.54","38.58","6.59M","-2.35%"
"2020- 08- 25","39.51","39.85","40.23","39.02","7.03M","0.33%"
"2020- 08- 24","39.38","38.20","39.38","37.76","10.69M","4.24%"
"2020- 08- 23","37.78","37.78","37.78","37.78","","0.00%"
"2020- 08- 21","37.78","37.93","38.34","37.49","6.22M","-0.76%"
"2020- 08- 20","38.07","38.36","38.55","37.90","7.42M","-2.21%"
"2020- 08- 19","38.93","38.81","39.52","38.52","6.93M","0.62%"
"2020- 08- 18","38.69","39.88","39.96","38.62","9.78M","-3.03%"
"2020- 08- 17","39.90","40.38","40.56","39.64","6.03M","-1.80%"
"2020- 08- 14","40.63","39.95","40.98","39.55","8.09M","1.32%"
"2020- 08- 13","40.10","40.41","40.76","39.99","8.24M","-1.98%"
"2020- 08- 12","40.91","42.04","42.16","40.12","11.23M","-0.66%"
"2020- 08- 11","41.18","41.40","42.23","40.97","11.74M","1.96%"
"2020- 08- 10","40.39","39.85","41.08","39.78","12.59M","1.87%"
"2020- 08- 09","39.65","39.65","39.65","39.65","","0.00%"
"2020- 08- 08","39.65","39.65","39.65","39.65","","0.00%"
"2020- 08- 07","39.65","37.75","39.65","37.44","7.75M","4.42%"
"2020- 08- 06","37.97","38.01","38.43","37.75","4.77M","-0.60%"
"2020- 08- 05","38.20","37.69","38.29","37.47","7.56M","2.50%"
"2020- 08- 04","37.27","37.37","37.49","36.90","6.34M","-0.53%"
"2020- 08- 03","37.47","37.77","37.90","37.08","5.68M","-0.29%"
"2020- 08- 02","37.58","37.58","37.58","37.58","","0.00%"
"2020- 07- 31","37.58","37.78","37.80","36.80","8.75M","-0.95%"
"2020- 07- 30","37.94","37.67","37.98","36.88","7.69M","-1.79%"
"2020- 07- 29","38.63","37.34","38.69","37.08","6.92M","3.45%"
"2020- 07- 28","37.34","37.34","37.84","37.23","4.71M","-0.53%"
"2020- 07- 27","37.54","38.28","38.28","37.30","8.28M","-2.42%"
"2020- 07- 26","38.47","38.47","38.47","38.47","","0.00%"
"2020- 07- 25","38.47","38.47","38.47","38.47","","0.00%"
"2020- 07- 24","38.47","38.73","39.29","38.42","11.46M","-0.59%"
"2020- 07- 23","38.70","37.64","38.97","37.58","11.16M","2.57%"
"2020- 07- 22","37.73","37.68","38.05","37.21","9.82M","-0.97%"
"2020- 07- 21","38.10","36.48","38.16","36.42","12.04M","5.75%"
"2020- 07- 20","36.03","36.42","36.68","35.87","8.65M","-1.80%"
"2020- 07- 17","36.69","37.59","37.87","36.61","12.85M","-2.52%"
"2020- 07- 16","37.64","37.31","38.41","36.90","8.53M","-0.26%"
"2020- 07- 15","37.74","36.75","37.96","36.55","12.16M","5.92%"
"2020- 07- 14","35.63","36.12","36.38","35.13","15.97M","-2.09%"
"2020- 07- 13","36.39","36.48","37.07","35.42","12.64M","1.42%"
"2020- 07- 12","35.88","35.88","35.88","35.88","","0.00%"
"2020- 07- 11","35.88","35.88","35.88","35.88","","0.00%"
"2020- 07- 10","35.88","34.25","35.91","34.22","9.69M","4.94%"
"2020- 07- 09","34.19","35.48","35.65","33.99","10.36M","-4.12%"
"2020- 07- 08","35.66","35.65","36.25","34.91","11.42M","-0.14%"
"2020- 07- 07","35.71","36.62","36.78","35.55","9.71M","-3.49%"
"2020- 07- 06","37.00","37.55","38.28","36.61","9.29M","1.07%"
"2020- 07- 05","36.61","36.61","36.61","36.61","","0.00%"
"2020- 07- 04","36.61","36.61","36.61","36.61","","0.00%"
"2020- 07- 02","36.61","37.85","38.43","36.48","10.31M","-0.49%"
"2020- 07- 01","36.79","38.56","38.62","36.69","9.40M","-4.17%"
"2020- 06- 30","38.39","37.20","38.62","36.97","7.70M","2.54%"
"2020- 06- 29","37.44","36.39","37.86","36.22","12.18M","4.29%"
"2020- 06- 26","35.90","37.38","37.41","35.75","14.13M","-6.09%"
"2020- 06- 25","38.23","36.68","38.28","36.51","10.43M","3.32%"
"2020- 06- 24","37.00","38.46","38.51","36.75","13.02M","-5.25%"
"2020- 06- 23","39.05","40.28","40.61","39.02","8.55M","-1.06%"
"2020- 06- 22","39.47","39.15","39.89","38.69","6.44M","-1.03%"
"2020- 06- 19","39.88","41.14","41.29","38.99","12.17M","-1.07%"
"2020- 06- 18","40.31","39.53","41.01","39.41","6.88M","0.45%"
"2020- 06- 17","40.13","41.54","41.63","40.02","9.02M","-3.07%"
"2020- 06- 16","41.40","42.00","42.25","40.18","17.37M","3.58%"
"2020- 06- 15","39.97","37.65","40.32","37.46","14.71M","1.45%"
"2020- 06- 12","39.40","39.95","40.24","37.97","18.00M","3.66%"
"2020- 06- 11","38.01","39.13","39.84","37.87","15.42M","-9.31%"
"2020- 06- 10","41.91","44.73","44.77","41.84","18.97M","-6.66%"
"2020- 06- 09","44.90","44.83","45.60","44.02","11.91M","-2.43%"
"2020- 06- 08","46.02","45.97","46.47","45.04","12.51M","3.30%"
"2020- 06- 07","44.55","44.55","44.55","44.55","","0.00%"
"2020- 06- 05","44.55","45.87","46.12","44.22","20.55M","5.79%"
"2020- 06- 04","42.11","40.47","42.16","40.00","13.92M","3.59%"
"2020- 06- 03","40.65","39.53","41.10","39.45","15.42M","5.78%"
"2020- 06- 02","38.43","39.20","39.49","38.07","13.09M","-0.31%"
"2020- 06- 01","38.55","38.39","39.17","37.96","9.09M","0.97%"
"2020- 05- 29","38.18","38.52","38.78","37.70","13.35M","-2.45%"
"2020- 05- 28","39.14","41.34","41.34","38.92","15.24M","-3.62%"
"2020- 05- 27","40.61","39.76","40.67","38.67","16.91M","7.24%"
"2020- 05- 26","37.87","36.52","38.32","36.46","15.37M","8.42%"
"2020- 05- 22","34.93","35.42","35.80","34.54","10.09M","-1.05%"
"2020- 05- 21","35.30","35.28","35.95","35.13","10.28M","-0.37%"
"2020- 05- 20","35.43","34.47","35.59","34.42","10.07M","5.10%"
"2020- 05- 19","33.71","34.99","35.12","33.67","12.06M","-4.34%"
"2020- 05- 18","35.24","33.62","35.50","33.54","15.88M","9.99%"
"2020- 05- 15","32.04","32.03","32.51","31.63","11.61M","-1.11%"
"2020- 05- 14","32.40","30.59","32.65","29.72","13.66M","3.18%"
"2020- 05- 13","31.40","32.94","32.99","30.80","12.19M","-5.39%"
"2020- 05- 12","33.19","35.30","35.35","33.13","12.04M","-5.12%"
"2020- 05- 11","34.98","35.93","35.94","34.59","12.57M","-4.27%"
"2020- 05- 08","36.54","35.59","36.68","35.55","8.15M","4.97%"
"2020- 05- 07","34.81","34.85","36.01","34.64","11.20M","1.34%"
"2020- 05- 06","34.35","35.73","35.94","34.21","8.72M","-2.64%"
"2020- 05- 05","35.28","36.69","37.28","35.15","8.83M","-1.92%"
"2020- 05- 04","35.97","35.66","36.06","35.05","6.70M","-0.99%"
"2020- 05- 03","36.33","36.33","36.33","36.33","","0.00%"
"2020- 05- 02","36.33","36.33","36.33","36.33","","0.00%"
"2020- 05- 01","36.33","37.10","37.22","35.80","8.24M","-4.72%"
"2020- 04- 30","38.13","38.95","39.02","37.64","7.50M","-4.03%"
"2020- 04- 29","39.73","38.91","40.36","38.56","11.16M","5.72%"
"2020- 04- 28","37.58","37.90","38.72","37.20","10.31M","2.54%"
"2020- 04- 27","36.65","34.87","36.98","34.59","10.03M","6.63%"
"2020- 04- 24","34.37","33.75","34.70","33.37","5.93M","2.78%"
"2020- 04- 23","33.44","33.04","34.15","33.04","7.60M","1.86%"
"2020- 04- 22","32.83","33.81","34.26","32.68","7.90M","-0.42%"
"2020- 04- 21","32.97","32.77","33.59","32.48","11.27M","-2.77%"
"2020- 04- 20","33.91","33.16","34.82","32.65","14.34M","-0.24%"
"2020- 04- 17","33.99","32.88","34.19","32.63","14.15M","9.05%"
"2020- 04- 16","31.17","32.47","32.51","30.62","14.38M","-3.68%"
"2020- 04- 15","32.36","33.37","33.37","32.24","11.37M","-6.74%"
"2020- 04- 14","34.70","36.37","36.49","34.03","14.92M","-1.62%"
"2020- 04- 13","35.27","37.50","37.50","34.92","8.90M","-5.64%"
"2020- 04- 09","37.38","35.85","37.56","35.82","16.97M","7.91%"
"2020- 04- 08","34.64","33.45","34.85","32.98","10.81M","5.32%"
"2020- 04- 07","32.89","33.74","34.67","32.65","11.65M","2.85%"
"2020- 04- 06","31.98","30.96","32.22","30.95","10.76M","8.33%"
"2020- 04- 03","29.52","31.04","31.27","29.14","6.91M","-4.93%"
"2020- 04- 02","31.05","30.29","31.98","30.13","8.53M","1.87%"
"2020- 04- 01","30.48","30.84","31.11","30.15","9.12M","-6.47%"
"2020- 03- 31","32.59","32.99","33.59","31.95","7.74M","-2.07%"
"2020- 03- 30","33.28","33.31","33.51","32.16","10.28M","-0.15%"
"2020- 03- 28","33.33","33.33","33.33","33.33","","0.00%"
"2020- 03- 27","33.33","33.14","34.39","32.48","8.01M","-3.25%"
"2020- 03- 26","34.45","32.02","34.73","31.65","12.25M","8.57%"
"2020- 03- 25","31.73","32.12","32.97","30.29","13.87M","1.08%"
"2020- 03- 24","31.39","29.87","31.46","29.74","8.58M","11.59%"
"2020- 03- 23","28.13","30.48","30.48","27.26","13.31M","-8.73%"
"2020- 03- 21","30.82","30.82","30.82","30.82","","0.00%"
"2020- 03- 20","30.82","33.14","33.66","30.71","15.41M","-6.61%"
"2020- 03- 19","33.00","30.98","33.66","29.22","10.31M","5.33%"
"2020- 03- 18","31.33","32.68","33.59","30.38","10.04M","-10.38%"
"2020- 03- 17","34.96","33.26","35.34","31.59","9.28M","7.57%"
"2020- 03- 16","32.50","32.38","34.50","30.83","8.75M","-13.66%"
"2020- 03- 14","37.64","37.64","37.64","37.64","","0.00%"
"2020- 03- 13","37.64","36.41","37.68","34.66","11.73M","11.20%"
"2020- 03- 12","33.85","33.94","37.15","32.84","18.54M","-8.39%"
"2020- 03- 11","36.95","38.33","38.85","36.41","14.17M","-6.95%"
"2020- 03- 10","39.71","38.83","39.82","37.12","14.95M","7.06%"
"2020- 03- 09","37.09","39.78","40.37","36.94","11.88M","-15.49%"
"2020- 03- 06","43.89","44.11","45.28","43.03","9.93M","-4.38%"
"2020- 03- 05","45.90","47.04","47.04","45.32","11.49M","-5.24%"
"2020- 03- 04","48.44","48.28","48.56","46.80","12.24M","1.79%"
"2020- 03- 03","47.59","49.60","50.15","47.05","15.84M","-4.15%"
"2020- 03- 02","49.65","47.41","49.68","46.91","9.06M","4.50%"
"2020- 02- 28","47.51","47.45","48.26","46.42","13.82M","-2.90%"
"2020- 02- 27","48.93","49.80","51.19","48.91","13.75M","-4.04%"
"2020- 02- 26","50.99","52.07","52.48","50.92","8.49M","-1.66%"
"2020- 02- 25","51.85","54.00","54.05","51.65","11.80M","-3.86%"
"2020- 02- 24","53.93","54.15","54.26","53.53","9.31M","-3.09%"
"2020- 02- 21","55.65","56.09","56.14","55.29","9.62M","-1.36%"
"2020- 02- 20","56.42","55.67","56.66","55.67","7.81M","0.89%"
"2020- 02- 19","55.92","55.68","56.05","55.48","5.38M","0.83%"
"2020- 02- 18","55.46","55.92","56.21","55.12","7.41M","-1.35%"
"2020- 02- 17","56.22","56.22","56.22","56.22","","0.00%"
"2020- 02- 14","56.22","56.55","56.71","56.05","5.28M","-0.65%"
"2020- 02- 13","56.59","56.02","56.65","55.99","8.50M","0.48%"
"2020- 02- 12","56.32","56.56","56.76","56.10","4.41M","0.27%"
"2020- 02- 11","56.17","56.10","56.59","55.96","5.00M","0.77%"
"2020- 02- 10","55.74","55.46","55.74","55.35","3.07M","-0.09%"
"2020- 02- 07","55.79","55.88","56.06","55.61","5.57M","-0.98%"
"2020- 02- 06","56.34","57.24","57.36","56.29","5.81M","-1.04%"
"2020- 02- 05","56.93","56.32","57.04","56.32","9.56M","2.24%"
"2020- 02- 04","55.68","55.84","56.10","55.60","11.05M","1.40%"
"2020- 02- 03","54.91","54.53","55.17","54.51","8.34M","1.33%"
"2020- 01- 31","54.19","54.81","54.90","54.05","8.87M","-2.01%"
"2020- 01- 30","55.30","54.28","55.33","54.07","6.16M","1.00%"
"2020- 01- 29","54.75","55.55","55.78","54.71","5.79M","-1.23%"
"2020- 01- 28","55.43","55.40","55.84","55.10","5.87M","0.87%"
"2020- 01- 27","54.95","54.77","55.43","54.63","8.61M","-1.73%"
"2020- 01- 24","55.92","56.90","57.00","55.37","10.02M","-1.79%"
"2020- 01- 23","56.94","56.64","57.04","56.06","5.49M","0.16%"
"2020- 01- 22","56.85","56.88","57.03","56.65","4.26M","0.09%"
"2020- 01- 21","56.80","57.14","57.41","56.79","5.03M","-1.29%"
"2020- 01- 17","57.54","57.91","57.95","57.44","8.41M","0.23%"
"2020- 01- 16","57.41","56.90","57.48","56.89","7.37M","1.43%"
"2020- 01- 15","56.60","56.84","57.05","56.33","10.39M","-1.26%"
"2020- 01- 14","57.32","57.18","57.69","56.99","4.52M","0.17%"
"2020- 01- 13","57.22","57.02","57.24","56.67","3.63M","0.51%"
"2020- 01- 10","56.93","57.46","57.52","56.80","8.13M","-1.06%"
"2020- 01- 09","57.54","57.63","57.75","57.33","5.65M","0.35%"
"2020- 01- 08","57.34","56.92","57.59","56.91","5.01M","0.74%"
"2020- 01- 07","56.92","57.16","57.21","56.66","4.63M","-0.63%"
"2020- 01- 06","57.28","57.36","57.44","56.77","5.44M","-0.87%"
"2020- 01- 03","57.78","57.61","58.01","57.26","6.36M","-1.08%"
"2020- 01- 02","58.41","58.46","58.47","57.77","3.81M","0.27%"
"2019- 12- 31","58.25","58.12","58.48","58.03","2.54M","0.29%"
"2019- 12- 30","58.08","58.51","58.51","58.08","4.13M","-0.05%"
"2019- 12- 27","58.11","58.54","58.54","58.05","2.18M","-0.67%"
"2019- 12- 26","58.50","58.49","58.62","58.27","1.35M","0.21%"
"2019- 12- 24","58.38","58.35","58.52","58.14","2.02M","0.24%"
"2019- 12- 23","58.24","58.63","58.80","58.16","2.58M","-0.60%"
"2019- 12- 20","58.59","58.83","58.96","58.44","6.17M","-0.49%"
"2019- 12- 19","58.88","58.97","59.05","58.74","4.61M","-0.15%"
"2019- 12- 18","58.97","59.27","59.38","58.87","3.76M","-0.42%"
"2019- 12- 17","59.22","58.56","59.30","58.48","7.35M","1.04%"
"2019- 12- 16","58.61","58.79","59.08","58.54","8.47M","0.70%"
"2019- 12- 13","58.20","58.50","59.02","57.81","7.76M","-0.83%"
"2019- 12- 12","58.69","56.92","58.82","56.92","7.31M","3.13%"
"2019- 12- 11","56.91","57.03","57.31","56.77","2.83M","-0.26%"
"2019- 12- 10","57.06","56.77","57.24","56.66","3.80M","0.25%"
"2019- 12- 09","56.92","56.66","57.14","56.65","5.33M","0.04%"
"2019- 12- 06","56.90","57.17","57.28","56.83","6.83M","1.43%"
"2019- 12- 05","56.10","56.12","56.28","55.89","4.88M","0.41%"
"2019- 12- 04","55.87","55.35","56.11","55.29","5.09M","1.36%"
"2019- 12- 03","55.12","55.05","55.19","54.62","7.14M","-1.38%"
"2019- 12- 02","55.89","56.68","56.83","55.83","11.04M","-0.59%"
"2019- 11- 29","56.22","56.46","56.69","56.18","1.23M","-0.57%"
"2019- 11- 27","56.54","56.47","56.67","56.24","3.17M","0.68%"
"2019- 11- 26","56.16","56.37","56.42","56.02","4.35M","-0.62%"
"2019- 11- 25","56.51","56.09","56.63","55.88","5.11M","1.04%"
"2019- 11- 22","55.93","55.66","56.20","55.63","3.33M","0.72%"
"2019- 11- 21","55.53","55.86","55.99","55.22","2.90M","-0.13%"
"2019- 11- 20","55.60","55.56","55.93","55.13","5.75M","-0.47%"
"2019- 11- 19","55.86","55.83","56.07","55.54","3.81M","0.32%"
"2019- 11- 18","55.68","55.78","55.87","55.36","3.47M","-0.54%"
"2019- 11- 15","55.98","56.15","56.28","55.82","3.68M","0.18%"
"2019- 11- 14","55.88","55.73","56.03","55.55","4.75M","-0.14%"
"2019- 11- 13","55.96","55.91","56.28","55.63","9.10M","-1.15%"
"2019- 11- 12","56.61","56.60","56.87","56.20","4.21M","0.19%"
"2019- 11- 11","56.50","56.40","56.81","56.30","2.15M","-0.53%"
"2019- 11- 08","56.80","56.63","56.95","56.38","4.07M","0.07%"
"2019- 11- 07","56.76","56.95","57.33","56.59","5.13M","0.69%"
"2019- 11- 06","56.37","56.51","56.52","56.01","4.81M","-0.55%"
"2019- 11- 05","56.68","56.35","57.07","56.33","6.97M","1.02%"
"2019- 11- 04","56.11","55.55","56.15","55.41","6.17M","1.94%"
"2019- 11- 01","55.04","54.44","55.04","54.15","7.54M","2.12%"
"2019- 10- 31","53.90","54.31","54.49","53.28","7.69M","-1.52%"
"2019- 10- 30","54.73","55.06","55.19","54.34","6.52M","-0.98%"
"2019- 10- 29","55.27","54.73","55.40","54.51","4.96M","0.58%"
"2019- 10- 28","54.95","54.76","55.14","54.51","7.46M","1.01%"
"2019- 10- 25","54.40","53.75","54.67","53.75","3.54M","1.04%"
"2019- 10- 24","53.84","54.37","54.48","53.55","3.61M","-0.83%"
"2019- 10- 23","54.29","53.99","54.36","53.78","5.33M","0.26%"
"2019- 10- 22","54.15","53.93","54.77","53.34","7.32M","0.41%"
"2019- 10- 21","53.93","53.73","54.21","53.72","5.58M","1.33%"
"2019- 10- 18","53.22","52.63","53.41","52.63","4.71M","1.18%"
"2019- 10- 17","52.60","53.02","53.05","52.45","4.67M","-0.44%"
"2019- 10- 16","52.83","53.01","53.45","52.58","4.79M","-0.36%"
"2019- 10- 15","53.02","52.35","53.30","52.15","5.13M","1.73%"
"2019- 10- 14","52.12","51.74","52.26","51.60","2.41M","-0.06%"
"2019- 10- 11","52.15","52.09","52.80","52.09","7.12M","1.94%"
"2019- 10- 10","51.16","50.77","51.54","50.50","4.77M","1.25%"
"2019- 10- 09","50.53","50.55","50.79","50.14","3.79M","0.70%"
"2019- 10- 08","50.18","50.86","50.89","50.12","6.88M","-2.58%"
"2019- 10- 07","51.51","51.55","52.02","51.35","6.37M","-0.21%"
"2019- 10- 04","51.62","51.17","51.69","50.61","5.75M","1.20%"
"2019- 10- 03","51.01","50.70","51.01","49.91","6.63M","0.10%"
"2019- 10- 02","50.96","51.14","51.40","50.56","6.15M","-1.24%"
"2019- 10- 01","51.60","53.39","53.65","51.42","7.49M","-2.25%"
"2019- 09- 30","52.79","53.25","53.47","52.79","6.43M","-0.58%"
"2019- 09- 27","53.10","53.17","54.00","52.83","7.13M","0.47%"
"2019- 09- 26","52.85","53.30","53.41","52.81","6.26M","-1.20%"
"2019- 09- 25","53.49","52.63","53.62","52.56","5.95M","1.77%"
"2019- 09- 24","52.56","53.30","53.50","52.25","8.22M","-1.46%"
"2019- 09- 23","53.34","52.92","53.56","52.68","3.88M","0.08%"
"2019- 09- 20","53.30","53.54","53.97","53.13","6.66M","-0.98%"
"2019- 09- 19","53.83","54.18","54.71","53.74","5.76M","-0.88%"
"2019- 09- 18","54.31","53.63","54.55","53.35","7.09M","0.72%"
"2019- 09- 17","53.92","54.35","54.35","53.48","5.82M","-1.25%"
"2019- 09- 16","54.60","53.98","54.78","53.85","4.59M","0.02%"
"2019- 09- 13","54.59","54.56","55.03","54.22","7.83M","1.09%"
"2019- 09- 12","54.00","53.40","54.23","52.95","7.90M","0.22%"
"2019- 09- 11","53.88","53.35","53.93","52.39","9.27M","1.20%"
"2019- 09- 10","53.24","52.46","53.27","52.37","11.00M","1.88%"
"2019- 09- 09","52.26","50.97","52.48","50.69","11.15M","3.53%"
"2019- 09- 06","50.48","50.74","50.99","50.35","5.24M","-0.57%"
"2019- 09- 05","50.77","50.19","51.29","50.15","9.73M","2.92%"
"2019- 09- 04","49.33","49.38","49.59","49.01","4.99M","0.78%"
"2019- 09- 03","48.95","49.69","49.70","48.66","6.97M","-2.33%"
"2019- 08- 30","50.12","50.39","50.63","49.94","4.66M","0.24%"
"2019- 08- 29","50.00","49.42","50.18","49.42","7.46M","2.12%"
"2019- 08- 28","48.96","48.02","49.27","48.02","5.30M","1.51%"
"2019- 08- 27","48.23","49.27","49.41","47.98","10.94M","-1.75%"
"2019- 08- 26","49.09","48.99","49.17","48.51","4.70M","0.93%"
"2019- 08- 23","48.64","50.00","50.51","48.40","11.73M","-3.22%"
"2019- 08- 22","50.26","50.37","50.66","49.85","5.25M","0.38%"
"2019- 08- 21","50.07","50.17","50.27","49.85","6.79M","0.56%"
"2019- 08- 20","49.79","50.19","50.23","49.63","4.90M","-1.41%"
"2019- 08- 19","50.50","50.82","50.99","50.46","5.39M","1.02%"
"2019- 08- 16","49.99","49.03","50.05","49.03","6.74M","2.80%"
"2019- 08- 15","48.63","49.14","49.38","48.52","5.78M","-0.80%"
"2019- 08- 14","49.02","49.27","49.80","48.65","10.68M","-3.20%"
"2019- 08- 13","50.64","49.85","51.51","49.84","6.71M","0.98%"
"2019- 08- 12","50.15","50.52","50.65","50.08","6.01M","-2.01%"
"2019- 08- 09","51.18","51.18","51.43","50.71","4.14M","-0.37%"
"2019- 08- 08","51.37","50.90","51.66","50.76","6.41M","1.88%"
"2019- 08- 07","50.42","49.97","50.58","49.42","10.16M","-1.33%"
"2019- 08- 06","51.10","51.04","51.32","50.11","9.02M","0.85%"
"2019- 08- 05","50.67","51.23","51.42","49.93","14.91M","-3.26%"
"2019- 08- 02","52.38","52.71","52.87","51.66","11.08M","-0.87%"
"2019- 08- 01","52.84","55.07","55.42","52.66","14.86M","-4.17%"
"2019- 07- 31","55.14","55.41","55.74","54.94","8.45M","-0.49%"
"2019- 07- 30","55.41","54.39","55.43","54.20","3.64M","1.17%"
"2019- 07- 29","54.77","55.35","55.52","54.67","4.62M","-1.07%"
"2019- 07- 26","55.36","54.51","55.47","54.44","5.10M","1.69%"
"2019- 07- 25","54.44","54.82","55.29","54.23","6.92M","-0.68%"
"2019- 07- 24","54.81","53.36","54.98","53.36","7.97M","2.37%"
"2019- 07- 23","53.54","52.95","53.56","52.74","4.97M","1.06%"
"2019- 07- 22","52.98","53.22","53.26","52.65","3.86M","-0.64%"
"2019- 07- 19","53.32","52.98","53.66","52.93","5.85M","0.79%"
"2019- 07- 18","52.90","52.32","53.30","52.09","5.82M","0.82%"
"2019- 07- 17","52.47","52.73","52.85","52.14","5.01M","-0.76%"
"2019- 07- 16","52.87","52.90","53.14","52.45","5.50M","-0.09%"
"2019- 07- 15","52.92","54.00","54.22","52.77","5.90M","-1.95%"
"2019- 07- 12","53.97","53.55","54.10","53.36","4.90M","0.97%"
"2019- 07- 11","53.45","53.15","53.54","52.76","5.08M","0.79%"
"2019- 07- 10","53.03","53.44","53.66","52.92","6.59M","-1.14%"
"2019- 07- 09","53.64","53.04","53.69","53.02","2.86M","0.49%"
"2019- 07- 08","53.38","53.63","53.85","53.18","4.23M","-1.29%"
"2019- 07- 05","54.08","54.00","54.38","53.82","5.71M","1.18%"
"2019- 07- 03","53.45","53.10","53.51","52.94","3.52M","0.89%"
"2019- 07- 02","52.98","53.56","53.71","52.65","5.64M","-1.47%"
"2019- 07- 01","53.77","54.03","54.46","53.43","7.60M","0.64%"
"2019- 06- 28","53.43","53.17","53.84","52.78","7.13M","1.52%"
"2019- 06- 27","52.63","51.91","52.72","51.91","5.10M","1.50%"
"2019- 06- 26","51.85","51.88","52.32","51.78","7.13M","0.45%"
"2019- 06- 25","51.62","51.52","51.80","50.85","6.72M","0.06%"
"2019- 06- 24","51.59","51.95","52.43","51.54","4.45M","-0.92%"
"2019- 06- 21","52.07","51.98","52.54","51.90","6.44M","-0.80%"
"2019- 06- 20","52.49","52.67","52.71","51.52","8.59M","0.29%"
"2019- 06- 19","52.34","52.68","53.46","52.34","6.80M","-0.76%"
"2019- 06- 18","52.74","51.67","52.99","51.63","7.80M","1.70%"
"2019- 06- 17","51.86","52.55","52.78","51.73","4.41M","-1.35%"
"2019- 06- 14","52.57","52.51","52.74","51.82","4.17M","0.27%"
"2019- 06- 13","52.43","52.43","52.87","52.22","4.27M","0.31%"
"2019- 06- 12","52.27","52.50","52.72","51.95","4.32M","-0.57%"
"2019- 06- 11","52.57","52.63","53.04","52.26","4.53M","0.54%"
"2019- 06- 10","52.29","52.28","52.94","52.22","6.03M","0.85%"
"2019- 06- 07","51.85","51.90","52.11","51.62","5.32M","-0.67%"
"2019- 06- 06","52.20","52.25","52.47","51.60","3.72M","-0.27%"
"2019- 06- 05","52.34","52.51","52.62","51.70","7.04M","-0.48%"
"2019- 06- 04","52.59","51.50","52.65","51.41","8.66M","3.54%"
"2019- 06- 03","50.79","50.11","51.23","49.95","8.33M","1.14%"
"2019- 05- 31","50.22","50.44","50.75","50.06","8.30M","-2.09%"
"2019- 05- 30","51.29","52.31","52.68","50.80","6.68M","-1.71%"
"2019- 05- 29","52.18","51.34","52.32","51.14","7.45M","0.60%"
"2019- 05- 28","51.87","52.29","52.57","51.82","5.86M","-1.35%"
"2019- 05- 24","52.58","52.12","52.70","52.08","4.27M","1.37%"
"2019- 05- 23","51.87","52.38","52.50","51.44","11.03M","-2.30%"
"2019- 05- 22","53.09","53.48","53.56","52.94","4.37M","-1.12%"
"2019- 05- 21","53.69","53.54","53.94","53.53","4.62M","0.69%"
"2019- 05- 20","53.32","52.84","53.62","52.78","4.31M","0.51%"
"2019- 05- 17","53.05","52.99","53.96","52.89","6.42M","-0.84%"
"2019- 05- 16","53.50","53.28","53.85","53.21","6.66M","1.08%"
"2019- 05- 15","52.93","52.98","53.09","52.20","9.13M","-1.25%"
"2019- 05- 14","53.60","53.02","54.02","52.77","6.80M","1.44%"
"2019- 05- 13","52.84","54.00","54.28","52.62","10.75M","-4.08%"
"2019- 05- 10","55.09","54.71","55.21","54.07","6.87M","0.27%"
"2019- 05- 09","54.94","54.29","55.09","54.01","7.42M","-0.04%"
"2019- 05- 08","54.96","55.32","55.64","54.93","6.67M","-1.08%"
"2019- 05- 07","55.56","55.86","56.05","55.19","6.37M","-1.75%"
"2019- 05- 06","56.55","55.76","56.74","55.43","8.26M","-0.16%"
"2019- 05- 03","56.64","56.10","56.70","55.90","8.95M","1.45%"
"2019- 05- 02","55.83","55.22","56.02","55.22","5.81M","1.29%"
"2019- 05- 01","55.12","55.79","56.27","54.84","16.09M","-1.22%"
"2019- 04- 30","55.80","56.22","56.31","55.53","5.86M","-0.46%"
"2019- 04- 29","56.06","55.52","56.46","55.44","7.39M","1.32%"
"2019- 04- 26","55.33","54.50","55.36","54.33","7.64M","1.02%"
"2019- 04- 25","54.77","54.78","55.09","54.16","4.91M","-0.38%"
"2019- 04- 24","54.98","54.76","55.30","54.35","5.87M","0.00%"
"2019- 04- 23","54.98","53.80","55.10","53.64","7.63M","2.14%"
"2019- 04- 22","53.83","54.12","54.34","53.58","5.16M","-0.83%"
"2019- 04- 18","54.28","54.80","54.89","54.14","12.08M","-1.24%"
"2019- 04- 17","54.96","55.20","55.20","54.47","5.67M","0.04%"
"2019- 04- 16","54.94","53.90","54.97","53.75","10.04M","1.87%"
"2019- 04- 15","53.93","54.81","54.91","53.77","7.76M","-1.66%"
"2019- 04- 12","54.84","54.36","55.05","53.79","12.66M","2.10%"
"2019- 04- 11","53.71","53.58","54.16","53.37","6.99M","0.43%"
"2019- 04- 10","53.48","53.01","53.51","52.49","9.80M","0.92%"
"2019- 04- 09","52.99","53.61","53.70","52.87","8.47M","-1.76%"
"2019- 04- 08","53.94","53.84","54.16","53.54","4.99M","0.00%"
"2019- 04- 05","53.94","53.75","54.02","53.39","6.79M","0.45%"
"2019- 04- 04","53.70","52.85","53.84","52.80","9.30M","1.42%"
"2019- 04- 03","52.95","53.28","53.72","52.77","9.60M","0.23%"
"2019- 04- 02","52.83","52.66","53.27","52.40","7.80M","0.00%"
"2019- 04- 01","52.83","51.84","52.88","51.78","14.32M","2.90%"
"2019- 03- 29","51.34","51.95","52.08","51.13","9.88M","-0.23%"
"2019- 03- 28","51.46","50.94","51.51","50.59","13.34M","1.32%"
"2019- 03- 27","50.79","50.56","51.07","50.20","10.44M","0.22%"
"2019- 03- 26","50.68","49.91","50.73","49.82","16.52M","2.45%"
"2019- 03- 25","49.47","49.32","49.98","48.97","17.63M","0.14%"
"2019- 03- 22","49.40","51.01","51.12","48.98","23.86M","-4.34%"
"2019- 03- 21","51.64","52.04","52.45","51.38","18.60M","-1.39%"
"2019- 03- 20","52.37","54.08","54.35","52.31","16.84M","-3.41%"
"2019- 03- 19","54.22","55.88","55.93","54.12","7.68M","-2.50%"
"2019- 03- 18","55.61","54.92","55.76","54.91","9.97M","1.46%"
"2019- 03- 15","54.81","54.72","55.30","54.68","7.37M","-0.53%"
"2019- 03- 14","55.10","54.94","55.22","54.78","5.18M","0.25%"
"2019- 03- 13","54.96","54.85","55.15","54.56","6.45M","0.77%"
"2019- 03- 12","54.54","54.74","54.94","54.28","7.35M","-0.22%"
"2019- 03- 11","54.66","54.39","54.83","54.16","5.29M","0.79%"
"2019- 03- 08","54.23","53.61","54.41","53.55","5.55M","0.20%"
"2019- 03- 07","54.12","54.73","54.89","53.84","7.85M","-1.73%"
"2019- 03- 06","55.07","56.28","56.45","54.95","8.68M","-2.44%"
"2019- 03- 05","56.45","56.52","56.69","55.72","4.75M","-0.19%"
"2019- 03- 04","56.56","56.79","57.28","56.10","3.80M","-0.48%"
"2019- 03- 01","56.83","57.01","57.32","56.32","3.94M","0.39%"
"2019- 02- 28","56.61","56.79","56.92","56.61","3.23M","-0.28%"
"2019- 02- 27","56.77","56.15","56.83","55.98","4.00M","1.09%"
"2019- 02- 26","56.16","56.40","56.99","56.14","6.18M","-1.13%"
"2019- 02- 25","56.80","57.46","57.52","56.76","6.32M","-0.40%"
"2019- 02- 22","57.03","56.88","57.09","56.65","3.10M","0.30%"
"2019- 02- 21","56.86","57.23","57.31","56.56","3.33M","-0.61%"
"2019- 02- 20","57.21","56.57","57.26","56.26","4.74M","1.11%"
"2019- 02- 19","56.58","55.78","56.73","55.56","5.50M","0.96%"
"2019- 02- 15","56.04","55.31","56.17","55.09","6.16M","2.17%"
"2019- 02- 14","54.85","54.85","55.19","54.48","7.80M","-1.03%"
"2019- 02- 13","55.42","55.44","55.61","55.06","6.96M","0.25%"
"2019- 02- 12","55.28","55.02","55.58","55.02","9.02M","1.04%"
"2019- 02- 11","54.71","54.31","54.73","54.12","4.97M","1.03%"
"2019- 02- 08","54.15","54.42","54.75","53.69","8.28M","-0.97%"
"2019- 02- 07","54.68","55.11","55.38","54.19","18.19M","1.48%"
"2019- 02- 06","53.88","53.62","54.06","53.52","4.84M","0.15%"
"2019- 02- 05","53.80","54.10","54.11","53.40","6.48M","-0.43%"
"2019- 02- 04","54.03","53.48","54.05","53.19","4.61M","1.14%"
"2019- 02- 01","53.42","53.15","53.58","53.06","6.38M","0.87%"
"2019- 01- 31","52.96","53.17","53.54","51.98","15.37M","-1.12%"
"2019- 01- 30","53.56","53.90","54.04","53.47","9.54M","-0.43%"
"2019- 01- 29","53.79","53.90","54.27","53.77","6.45M","-0.24%"
"2019- 01- 28","53.92","53.15","54.00","53.15","6.95M","0.84%"
"2019- 01- 25","53.47","53.26","53.72","52.86","6.88M","1.19%"
"2019- 01- 24","52.84","52.61","53.21","52.21","8.27M","0.06%"
"2019- 01- 23","52.81","52.99","53.16","52.33","6.59M","-0.17%"
"2019- 01- 22","52.90","52.88","53.30","52.54","10.08M","-0.66%"
"2019- 01- 18","53.25","52.80","53.29","52.04","8.84M","2.01%"
"2019- 01- 17","52.20","51.58","52.38","51.31","9.65M","0.64%"
"2019- 01- 16","51.87","51.07","51.95","50.82","11.26M","2.59%"
"2019- 01- 15","50.56","50.11","50.62","49.64","8.01M","0.68%"
"2019- 01- 14","50.22","49.53","50.62","49.45","5.73M","0.48%"
"2019- 01- 11","49.98","49.49","50.22","49.23","6.62M","0.30%"
"2019- 01- 10","49.83","49.67","50.04","49.20","8.14M","-0.34%"
"2019- 01- 09","50.00","49.76","50.15","49.35","6.58M","0.75%"
"2019- 01- 08","49.63","49.53","49.67","48.63","10.23M","0.85%"
"2019- 01- 07","49.21","48.71","49.66","48.34","7.75M","0.65%"
"2019- 01- 04","48.89","48.31","49.03","48.07","10.11M","3.19%"
"2019- 01- 03","47.38","47.40","48.33","47.05","9.24M","-0.40%"
"2019- 01- 02","47.57","46.22","47.67","46.03","9.46M","1.67%"
"2018- 12- 31","46.79","46.78","47.11","45.84","9.40M","0.56%"
"2018- 12- 28","46.53","46.34","47.08","46.07","9.53M","0.87%"
"2018- 12- 27","46.13","45.69","46.16","44.64","10.05M","-0.65%"
"2018- 12- 26","46.43","44.51","46.45","43.95","13.65M","5.00%"
"2018- 12- 24","44.22","44.80","45.19","44.22","7.95M","-1.89%"
"2018- 12- 21","45.07","45.82","46.54","44.99","13.37M","-2.17%"
"2018- 12- 20","46.07","45.77","46.48","45.59","23.97M","0.02%"
"2018- 12- 19","46.06","47.34","47.98","45.87","17.78M","-2.97%"
"2018- 12- 18","47.47","48.45","48.94","47.24","15.98M","-1.56%"
"2018- 12- 17","48.22","48.35","49.33","48.02","12.27M","-0.58%"
"2018- 12- 14","48.50","48.96","49.91","48.42","12.63M","-1.92%"
"2018- 12- 13","49.45","50.87","51.02","49.33","12.11M","-2.70%"
"2018- 12- 12","50.82","50.90","51.50","50.30","10.02M","1.24%"
"2018- 12- 11","50.20","51.32","51.49","49.96","9.73M","-1.03%"
"2018- 12- 10","50.72","51.55","51.73","50.14","12.89M","-1.97%"
"2018- 12- 07","51.74","52.09","52.94","51.30","13.71M","-0.90%"
"2018- 12- 06","52.21","51.61","52.25","50.93","16.88M","-0.80%"
"2018- 12- 04","52.63","55.23","55.49","52.21","19.68M","-5.48%"
"2018- 12- 03","55.68","56.50","56.65","55.12","9.05M","-0.14%"
"2018- 11- 30","55.76","54.77","55.92","54.77","4.98M","1.31%"
"2018- 11- 29","55.04","54.84","55.36","54.41","5.77M","-0.33%"
"2018- 11- 28","55.22","54.82","55.33","53.91","7.44M","0.97%"
"2018- 11- 27","54.69","54.83","55.16","54.33","5.96M","-0.55%"
"2018- 11- 26","54.99","54.60","55.46","54.60","8.62M","1.93%"
"2018- 11- 23","53.95","53.64","54.52","53.48","3.46M","-0.22%"
"2018- 11- 21","54.07","53.98","54.92","53.37","7.07M","0.37%"
"2018- 11- 20","53.87","54.24","54.87","53.74","9.13M","-1.88%"
"2018- 11- 19","54.90","55.00","55.68","54.50","7.51M","-0.18%"
"2018- 11- 16","55.00","54.50","55.22","54.47","7.70M","-0.09%"
"2018- 11- 15","55.05","53.55","55.17","53.22","9.54M","1.83%"
"2018- 11- 14","54.06","55.47","55.71","53.43","10.72M","-1.87%"
"2018- 11- 13","55.09","54.85","55.94","54.85","8.11M","0.55%"
"2018- 11- 12","54.79","55.28","55.63","54.76","5.78M","-1.21%"
"2018- 11- 09","55.46","55.68","56.17","55.07","7.29M","-0.56%"
"2018- 11- 08","55.77","55.12","56.12","55.12","5.60M","0.49%"
"2018- 11- 07","55.50","55.36","55.69","54.45","11.86M","0.38%"
"2018- 11- 06","55.29","54.84","55.50","54.47","5.40M","0.66%"
"2018- 11- 05","54.93","54.41","55.16","54.41","6.61M","0.42%"
"2018- 11- 02","54.70","54.92","55.27","54.19","7.61M","0.33%"
"2018- 11- 01","54.52","54.29","54.76","54.06","7.47M","0.98%"
"2018- 10- 31","53.99","54.05","54.75","53.93","11.20M","0.86%"
"2018- 10- 30","53.53","53.01","53.59","52.56","12.33M","1.08%"
"2018- 10- 29","52.96","52.67","53.69","52.48","11.33M","2.00%"
"2018- 10- 26","51.92","51.54","52.42","51.14","16.87M","-0.44%"
"2018- 10- 25","52.15","51.18","52.62","51.04","14.08M","2.62%"
"2018- 10- 24","50.82","53.07","53.09","50.69","17.71M","-4.29%"
"2018- 10- 23","53.10","52.07","53.45","52.05","16.35M","0.13%"
"2018- 10- 22","53.03","54.90","55.05","52.86","13.96M","-3.07%"
"2018- 10- 19","54.71","55.19","55.71","54.55","11.90M","-1.62%"
"2018- 10- 18","55.61","56.45","56.88","55.49","8.18M","-1.78%"
"2018- 10- 17","56.62","56.17","57.15","55.47","10.40M","0.51%"
"2018- 10- 16","56.33","56.46","56.53","55.37","11.98M","0.21%"
"2018- 10- 15","56.21","56.20","56.61","55.75","7.44M","0.27%"
"2018- 10- 12","56.06","57.88","58.00","54.56","26.94M","-2.01%"
"2018- 10- 11","57.21","58.71","58.99","57.19","12.82M","-3.02%"
"2018- 10- 10","58.99","59.82","60.46","58.99","7.98M","-1.44%"
"2018- 10- 09","59.85","59.97","60.26","59.60","4.15M","-0.42%"
"2018- 10- 08","60.10","59.49","60.37","59.31","6.15M","0.72%"
"2018- 10- 05","59.67","60.43","60.46","59.41","6.56M","-0.80%"
"2018- 10- 04","60.15","60.04","61.08","59.80","17.16M","0.20%"
"2018- 10- 03","60.03","58.88","60.29","58.75","13.62M","2.42%"
"2018- 10- 02","58.61","58.70","59.14","58.27","8.24M","-0.37%"
"2018- 10- 01","58.83","59.65","59.88","58.65","8.29M","-0.99%"
"2018- 09- 28","59.42","59.27","59.71","59.02","7.31M","-0.13%"
"2018- 09- 27","59.50","60.12","60.25","59.39","7.03M","-0.83%"
"2018- 09- 26","60.00","61.23","61.35","59.97","8.74M","-2.01%"
"2018- 09- 25","61.23","61.47","61.57","61.11","3.11M","-0.10%"
"2018- 09- 24","61.29","62.36","62.36","61.09","5.51M","-1.57%"
"2018- 09- 21","62.27","62.63","62.79","62.17","7.01M","-0.99%"
"2018- 09- 20","62.89","62.41","63.17","62.36","8.83M","1.30%"
"2018- 09- 19","62.08","61.21","62.23","61.21","6.62M","1.32%"
"2018- 09- 18","61.27","61.56","61.61","61.11","5.39M","-0.41%"
"2018- 09- 17","61.52","61.98","62.23","61.34","5.20M","-0.81%"
"2018- 09- 14","62.02","61.53","62.11","61.49","5.37M","1.01%"
"2018- 09- 13","61.40","62.15","62.38","61.34","9.27M","-1.13%"
"2018- 09- 12","62.10","62.94","63.27","61.98","9.03M","-1.88%"
"2018- 09- 11","63.29","63.00","63.66","62.80","3.60M","0.17%"
"2018- 09- 10","63.18","63.52","63.66","63.06","2.30M","-0.24%"
"2018- 09- 07","63.33","63.60","63.65","62.87","2.68M","0.29%"
"2018- 09- 06","63.15","63.55","63.78","63.15","4.94M","-0.71%"
"2018- 09- 05","63.60","63.39","63.82","63.18","2.48M","0.20%"
"2018- 09- 04","63.47","63.00","63.62","62.95","3.10M","0.51%"
"2018- 08- 31","63.15","62.50","63.20","62.45","2.79M","0.59%"
"2018- 08- 30","62.78","62.84","63.04","62.63","4.78M","-0.40%"
"2018- 08- 29","63.03","63.20","63.33","62.56","4.36M","-0.24%"
"2018- 08- 28","63.18","63.59","63.64","62.84","5.02M","-0.38%"
"2018- 08- 27","63.42","63.70","64.05","63.34","5.63M","0.00%"
"2018- 08- 24","63.42","63.81","63.88","63.34","5.39M","-0.39%"
"2018- 08- 23","63.67","63.97","64.06","63.39","3.11M","-0.66%"
"2018- 08- 22","64.09","64.03","64.25","63.88","2.46M","-0.30%"
"2018- 08- 21","64.28","63.67","64.59","63.49","5.27M","1.12%"
"2018- 08- 20","63.57","63.30","63.71","63.01","3.26M","0.25%"
"2018- 08- 17","63.41","63.08","63.49","62.94","2.77M","0.27%"
"2018- 08- 16","63.24","62.52","63.59","62.45","6.61M","1.62%"
"2018- 08- 15","62.23","62.47","62.94","62.09","4.37M","-1.13%"
"2018- 08- 14","62.94","62.09","63.15","62.06","5.06M","1.60%"
"2018- 08- 13","61.95","62.20","62.72","61.95","3.49M","-0.59%"
"2018- 08- 10","62.32","62.03","62.62","61.79","4.44M","-0.48%"
"2018- 08- 09","62.62","62.85","63.08","62.38","2.75M","-0.45%"
"2018- 08- 08","62.90","62.34","62.98","62.14","2.59M","0.80%"
"2018- 08- 07","62.40","62.47","62.91","62.36","3.77M","0.19%"
"2018- 08- 06","62.28","62.08","62.42","61.79","2.55M","0.19%"
"2018- 08- 03","62.16","62.48","62.93","62.03","5.40M","-0.91%"
"2018- 08- 02","62.73","61.81","62.88","61.69","3.46M","0.93%"
"2018- 08- 01","62.15","61.86","62.42","61.69","4.54M","1.04%"
"2018- 07- 31","61.51","61.83","61.98","61.07","6.14M","-0.40%"
"2018- 07- 30","61.76","62.30","62.56","61.76","7.52M","-0.61%"
"2018- 07- 27","62.14","62.15","62.73","61.73","3.51M","-0.16%"
"2018- 07- 26","62.24","61.91","62.73","61.89","6.75M","0.50%"
"2018- 07- 25","61.93","62.47","62.57","61.60","5.89M","-1.07%"
"2018- 07- 24","62.60","63.46","63.49","62.32","8.14M","-1.09%"
"2018- 07- 23","63.29","62.42","63.52","62.42","7.09M","1.30%"
"2018- 07- 20","62.48","62.18","62.77","61.95","6.49M","0.55%"
"2018- 07- 19","62.14","62.07","62.41","61.62","7.22M","-0.24%"
"2018- 07- 18","62.29","61.54","62.45","61.54","8.48M","1.14%"
"2018- 07- 17","61.59","61.43","61.98","61.43","5.42M","0.06%"
"2018- 07- 16","61.55","61.12","61.66","61.01","4.86M","1.15%"
"2018- 07- 13","60.85","61.40","61.55","60.67","7.59M","-1.06%"
"2018- 07- 12","61.50","62.44","62.54","60.92","11.17M","-1.20%"
"2018- 07- 11","62.25","62.14","62.70","62.01","4.78M","-0.46%"
"2018- 07- 10","62.54","63.41","63.59","62.11","6.02M","-1.11%"
"2018- 07- 09","63.24","62.25","63.44","62.09","6.36M","2.08%"
"2018- 07- 06","61.95","61.35","62.13","61.00","3.26M","0.88%"
"2018- 07- 05","61.41","61.62","61.71","61.15","7.14M","0.16%"
"2018- 07- 03","61.31","61.66","62.01","61.25","2.07M","-0.34%"
"2018- 07- 02","61.52","60.60","61.57","60.51","4.62M","0.85%"
"2018- 06- 29","61.00","61.99","62.32","60.94","6.92M","-0.72%"
"2018- 06- 28","61.44","61.35","61.87","61.08","6.90M","0.10%"
"2018- 06- 27","61.38","62.38","62.63","61.26","7.42M","-1.89%"
"2018- 06- 26","62.56","62.94","63.09","62.11","5.70M","-0.48%"
"2018- 06- 25","62.86","63.13","63.36","62.28","5.15M","-0.95%"
"2018- 06- 22","63.46","64.54","64.54","63.25","5.23M","-0.98%"
"2018- 06- 21","64.09","64.24","64.58","63.48","4.52M","-0.20%"
"2018- 06- 20","64.22","64.52","64.64","64.07","4.47M","0.19%"
"2018- 06- 19","64.10","63.10","64.23","63.05","5.40M","0.72%"
"2018- 06- 18","63.64","63.21","64.03","62.87","5.12M","0.05%"
"2018- 06- 15","63.61","63.46","63.97","62.73","7.08M","-0.70%"
"2018- 06- 14","64.06","64.66","64.67","63.54","8.62M","-0.42%"
"2018- 06- 13","64.33","64.62","65.27","64.01","6.52M","-0.39%"
"2018- 06- 12","64.58","65.25","65.27","64.17","5.79M","-0.57%"
"2018- 06- 11","64.95","65.74","66.03","64.75","5.52M","-1.20%"
"2018- 06- 08","65.74","65.29","65.83","65.19","4.59M","0.35%"
"2018- 06- 07","65.51","65.74","66.04","65.09","6.56M","0.03%"
"2018- 06- 06","65.49","64.75","65.56","64.56","6.87M","1.82%"
"2018- 06- 05","64.32","64.40","64.58","63.91","3.69M","-0.28%"
"2018- 06- 04","64.50","64.15","64.55","63.87","4.71M","1.03%"
"2018- 06- 01","63.84","63.82","64.34","63.71","5.84M","1.04%"
"2018- 05- 31","63.18","63.54","63.92","62.99","6.16M","-0.75%"
"2018- 05- 30","63.66","63.26","63.92","62.91","7.28M","1.60%"
"2018- 05- 29","62.66","63.40","63.80","62.25","11.24M","-2.41%"
"2018- 05- 25","64.21","64.02","64.49","63.90","3.39M","-0.34%"
"2018- 05- 24","64.43","64.41","64.46","63.22","5.61M","-0.20%"
"2018- 05- 23","64.56","64.93","65.07","64.24","8.85M","-0.72%"
"2018- 05- 22","65.03","64.87","65.59","64.74","7.68M","0.59%"
"2018- 05- 21","64.65","64.14","64.93","64.14","5.48M","1.11%"
"2018- 05- 18","63.94","64.50","64.54","63.92","3.98M","-0.82%"
"2018- 05- 17","64.47","64.14","64.57","63.78","3.69M","0.36%"
"2018- 05- 16","64.24","63.89","64.44","63.65","3.40M","0.47%"
"2018- 05- 15","63.94","63.46","64.36","63.37","5.21M","0.66%"
"2018- 05- 14","63.52","63.92","64.03","63.40","2.44M","-0.36%"
"2018- 05- 11","63.75","63.84","64.11","63.62","4.05M","0.02%"
"2018- 05- 10","63.74","63.42","64.01","63.13","5.74M","0.24%"
"2018- 05- 09","63.59","63.34","63.97","62.95","6.95M","0.95%"
"2018- 05- 08","62.99","62.56","63.44","62.40","5.62M","0.90%"
"2018- 05- 07","62.43","62.28","62.83","61.78","3.42M","0.45%"
"2018- 05- 04","62.15","60.93","62.65","60.68","6.15M","1.29%"
"2018- 05- 03","61.36","61.57","61.82","60.73","12.38M","-0.98%"
"2018- 05- 02","61.97","61.90","62.74","61.59","7.75M","-0.21%"
"2018- 05- 01","62.10","61.58","62.29","60.86","5.16M","0.75%"
"2018- 04- 30","61.64","62.72","63.00","61.64","4.94M","-1.60%"
"2018- 04- 27","62.64","62.16","62.91","62.15","7.29M","0.79%"
"2018- 04- 26","62.15","62.07","62.56","61.82","3.53M","0.02%"
"2018- 04- 25","62.14","62.16","62.71","61.62","5.92M","0.02%"
"2018- 04- 24","62.13","62.03","62.99","61.53","8.94M","0.66%"
"2018- 04- 23","61.72","61.41","61.95","61.18","4.66M","0.87%"
"2018- 04- 20","61.19","60.64","61.40","60.60","4.73M","0.87%"
"2018- 04- 19","60.66","59.79","60.81","59.66","7.38M","1.83%"
"2018- 04- 18","59.57","59.91","60.30","59.54","4.81M","-0.42%"
"2018- 04- 17","59.82","61.01","61.10","59.43","7.09M","-1.34%"
"2018- 04- 16","60.63","60.54","60.86","60.08","3.35M","0.46%"
"2018- 04- 13","60.35","62.01","62.01","60.07","5.55M","-1.55%"
"2018- 04- 12","61.30","60.77","61.69","60.48","4.43M","1.83%"
"2018- 04- 11","60.20","59.98","60.48","59.69","4.21M","-0.48%"
"2018- 04- 10","60.49","60.27","60.70","59.65","5.71M","1.89%"
"2018- 04- 09","59.37","59.73","60.76","59.33","7.02M","-0.05%"
"2018- 04- 06","59.40","60.48","60.81","58.69","9.15M","-2.81%"
"2018- 04- 05","61.12","61.19","61.29","60.54","4.66M","0.64%"
"2018- 04- 04","60.73","59.17","60.87","59.00","9.50M","1.15%"
"2018- 04- 03","60.04","59.50","60.31","59.23","5.03M","1.40%"
"2018- 04- 02","59.21","60.26","60.59","58.47","6.61M","-1.95%"
"2018- 03- 29","60.39","60.21","60.74","59.84","4.82M","0.85%"
"2018- 03- 28","59.88","59.43","60.41","58.98","6.00M","0.66%"
"2018- 03- 27","59.49","61.01","61.33","59.09","5.78M","-2.20%"
"2018- 03- 26","60.83","59.80","60.89","59.46","7.38M","3.26%"
"2018- 03- 23","58.91","61.11","61.38","58.81","11.65M","-3.49%"
"2018- 03- 22","61.04","62.58","62.86","60.95","8.93M","-3.63%"
"2018- 03- 21","63.34","63.37","64.01","62.86","4.86M","0.16%"
"2018- 03- 20","63.24","63.71","63.85","63.07","3.50M","-0.39%"
"2018- 03- 19","63.49","63.91","64.05","62.70","5.23M","-0.72%"
"2018- 03- 16","63.95","63.67","64.52","63.66","6.85M","0.25%"
"2018- 03- 15","63.79","63.83","63.97","63.19","5.56M","0.41%"
"2018- 03- 14","63.53","64.57","64.65","63.28","6.71M","-1.46%"
"2018- 03- 13","64.47","65.01","65.20","64.23","4.99M","-0.68%"
"2018- 03- 12","64.91","64.97","65.33","64.59","6.59M","-0.18%"
"2018- 03- 09","65.03","64.47","65.08","64.12","5.09M","1.66%"
"2018- 03- 08","63.97","64.74","64.90","63.38","5.13M","-0.79%"
"2018- 03- 07","64.48","63.51","64.68","63.31","7.06M","0.47%"
"2018- 03- 06","64.18","63.63","64.31","62.91","5.59M","1.37%"
"2018- 03- 05","63.31","62.08","63.63","61.51","5.90M","1.20%"
"2018- 03- 02","62.56","61.10","62.71","60.55","7.53M","1.62%"
"2018- 03- 01","61.56","61.52","62.35","61.17","6.86M","0.07%"
"2018- 02- 28","61.52","62.77","63.19","61.49","4.34M","-1.50%"
"2018- 02- 27","62.46","63.24","64.07","62.43","4.17M","-1.31%"
"2018- 02- 26","63.29","63.27","63.35","62.44","3.09M","0.52%"
"2018- 02- 23","62.96","62.00","62.99","61.76","5.98M","1.55%"
"2018- 02- 22","62.00","63.46","63.49","61.86","5.12M","-1.85%"
"2018- 02- 21","63.17","62.51","63.95","62.38","6.40M","0.91%"
"2018- 02- 20","62.60","62.89","63.50","62.27","5.24M","-0.79%"
"2018- 02- 16","63.10","62.34","63.50","62.34","5.65M","0.64%"
"2018- 02- 15","62.70","62.88","63.09","62.31","5.24M","0.46%"
"2018- 02- 14","62.41","60.61","62.52","60.52","7.76M","2.75%"
"2018- 02- 13","60.74","60.10","60.83","59.98","3.90M","0.35%"
"2018- 02- 12","60.53","60.49","61.12","59.76","9.40M","0.80%"
"2018- 02- 09","60.05","59.75","60.50","58.31","12.55M","1.87%"
"2018- 02- 08","58.95","61.35","61.43","58.88","10.20M","-3.53%"
"2018- 02- 07","61.11","60.43","61.60","60.23","6.31M","0.69%"
"2018- 02- 06","60.69","58.85","60.95","58.21","15.09M","1.02%"
"2018- 02- 05","60.08","61.85","62.75","59.81","11.95M","-4.09%"
"2018- 02- 02","62.64","63.17","63.76","62.36","11.77M","-0.92%"
"2018- 02- 01","63.22","62.10","63.25","61.81","6.21M","1.48%"
"2018- 01- 31","62.30","62.50","62.83","62.12","3.37M","-0.02%"
"2018- 01- 30","62.31","62.40","63.00","62.21","5.13M","-0.78%"
"2018- 01- 29","62.80","63.06","63.40","62.80","3.62M","-0.41%"
"2018- 01- 26","63.06","63.17","63.34","62.51","3.61M","0.25%"
"2018- 01- 25","62.90","63.54","63.57","62.61","4.77M","-0.68%"
"2018- 01- 24","63.33","63.49","63.81","63.01","5.98M","-0.05%"
"2018- 01- 23","63.36","62.98","63.69","62.70","4.76M","0.25%"
"2018- 01- 22","63.20","62.90","63.21","62.55","4.10M","0.27%"
"2018- 01- 19","63.03","62.08","63.04","62.08","5.52M","1.60%"
"2018- 01- 18","62.04","62.55","62.67","61.87","4.54M","-0.56%"
"2018- 01- 17","62.39","62.21","62.52","61.48","6.44M","0.61%"
"2018- 01- 16","62.01","63.13","63.15","61.74","8.24M","-0.96%"
"2018- 01- 12","62.61","62.70","62.95","62.19","5.82M","0.63%"
"2018- 01- 11","62.22","61.64","62.24","61.50","7.33M","1.57%"
"2018- 01- 10","61.26","60.68","62.06","60.64","8.68M","1.22%"
"2018- 01- 09","60.52","59.93","61.02","59.91","6.37M","1.36%"
"2018- 01- 08","59.71","59.76","59.88","59.31","6.45M","-0.18%"
"2018- 01- 05","59.82","59.69","59.85","59.34","3.95M","0.66%"
"2018- 01- 04","59.43","59.58","60.15","59.33","6.20M","0.54%"
"2018- 01- 03","59.11","58.86","59.27","58.66","4.50M","0.19%"
"2018- 01- 02","59.00","59.26","59.40","58.61","6.00M","0.25%"
"2017- 12- 29","58.85","59.60","59.69","58.82","6.46M","-1.01%"
"2017- 12- 28","59.45","59.22","59.47","59.01","3.18M","0.54%"
"2017- 12- 27","59.13","59.44","59.55","59.03","2.88M","-0.45%"
"2017- 12- 26","59.40","59.94","60.15","59.20","3.66M","-0.92%"
"2017- 12- 22","59.95","60.36","60.36","59.52","3.56M","-0.37%"
"2017- 12- 21","60.17","59.72","60.38","59.63","5.80M","1.33%"
"2017- 12- 20","59.38","60.08","60.19","58.83","9.32M","-0.40%"
"2017- 12- 19","59.62","60.21","60.22","59.54","5.05M","-0.40%"
"2017- 12- 18","59.86","59.52","60.16","59.44","7.13M","1.34%"
"2017- 12- 15","59.07","58.17","59.69","57.92","14.54M","1.70%"
"2017- 12- 14","58.08","58.95","59.15","57.83","16.25M","-1.04%"
"2017- 12- 13","58.69","59.20","59.77","58.60","10.11M","-1.08%"
"2017- 12- 12","59.33","59.12","59.59","58.84","8.97M","0.87%"
"2017- 12- 11","58.82","59.27","59.47","58.64","5.50M","-0.79%"
"2017- 12- 08","59.29","59.71","59.74","58.91","8.22M","0.03%"
"2017- 12- 07","59.27","58.64","59.63","58.45","8.37M","0.71%"
"2017- 12- 06","58.85","59.02","59.54","58.69","8.30M","-0.57%"
"2017- 12- 05","59.19","60.68","60.68","59.14","10.54M","-1.92%"
"2017- 12- 04","60.35","60.81","61.26","60.24","15.66M","1.70%"
"2017- 12- 01","59.34","59.39","59.67","57.28","14.00M","0.02%"
"2017- 11- 30","59.33","60.29","60.59","59.22","12.39M","-0.85%"
"2017- 11- 29","59.84","58.51","60.09","58.48","25.88M","3.28%"
"2017- 11- 28","57.94","56.09","58.00","56.07","15.66M","3.43%"
"2017- 11- 27","56.02","55.84","56.33","55.83","5.27M","0.20%"
"2017- 11- 24","55.91","56.59","56.60","55.87","1.85M","-0.73%"
"2017- 11- 22","56.32","56.57","56.74","56.26","4.44M","-0.27%"
"2017- 11- 21","56.47","56.70","56.72","56.22","5.58M","-0.04%"
"2017- 11- 20","56.49","56.16","56.51","55.94","6.39M","0.86%"
"2017- 11- 17","56.01","55.21","56.15","55.18","5.10M","0.74%"
"2017- 11- 16","55.60","56.00","56.09","55.58","3.70M","-0.13%"
"2017- 11- 15","55.67","55.00","56.05","54.82","4.92M","0.05%"
"2017- 11- 14","55.64","54.87","55.69","54.87","7.21M","0.83%"
"2017- 11- 13","55.18","54.05","55.25","53.75","6.14M","1.53%"
"2017- 11- 10","54.35","54.67","54.87","54.33","5.40M","-0.18%"
"2017- 11- 09","54.45","54.71","55.15","53.89","9.60M","-0.98%"
"2017- 11- 08","54.99","55.20","55.42","54.59","6.82M","-0.78%"
"2017- 11- 07","55.42","57.04","57.11","55.35","8.91M","-2.75%"
"2017- 11- 06","56.99","56.96","57.22","56.80","4.01M","-0.30%"
"2017- 11- 03","57.16","57.05","57.28","56.74","2.81M","-0.12%"
"2017- 11- 02","57.23","56.82","57.37","56.34","5.26M","0.77%"
"2017- 11- 01","56.79","57.31","57.66","56.60","5.18M","-0.56%"
"2017- 10- 31","57.11","57.07","57.54","56.91","3.78M","0.21%"
"2017- 10- 30","56.99","57.55","57.71","56.76","5.50M","-1.49%"
"2017- 10- 27","57.85","57.41","57.98","57.40","7.09M","0.54%"
"2017- 10- 26","57.54","56.90","57.63","56.90","6.62M","1.20%"
"2017- 10- 25","56.86","57.37","57.40","56.37","6.54M","-0.44%"
"2017- 10- 24","57.11","57.14","57.44","56.96","3.92M","0.58%"
"2017- 10- 23","56.78","57.41","57.41","56.69","3.80M","-0.96%"
"2017- 10- 20","57.33","57.28","57.49","57.05","8.15M","1.34%"
"2017- 10- 19","56.57","55.69","56.73","55.52","8.58M","0.68%"
"2017- 10- 18","56.19","56.19","56.33","55.82","7.40M","0.68%"
"2017- 10- 17","55.81","56.61","56.73","55.69","3.83M","-1.06%"
"2017- 10- 16","56.41","56.21","56.64","56.01","4.20M","0.77%"
"2017- 10- 13","55.98","56.03","56.49","55.52","6.04M","-0.71%"
"2017- 10- 12","56.38","56.93","56.98","56.27","5.60M","-0.76%"
"2017- 10- 11","56.81","57.02","57.20","56.60","4.06M","-0.70%"
"2017- 10- 10","57.21","56.92","57.24","56.72","7.27M","0.99%"
"2017- 10- 09","56.65","57.00","57.08","56.56","3.53M","-0.46%"
"2017- 10- 06","56.91","57.20","57.40","56.60","4.85M","0.16%"
"2017- 10- 05","56.82","56.23","57.06","55.95","4.43M","1.27%"
"2017- 10- 04","56.11","56.64","56.78","56.06","5.29M","-1.20%"
"2017- 10- 03","56.79","57.16","57.21","56.38","7.72M","-0.58%"
"2017- 10- 02","57.12","56.69","57.12","56.31","8.39M","0.63%"
"2017- 09- 29","56.76","56.30","57.26","56.30","9.52M","0.58%"
"2017- 09- 28","56.43","56.29","56.43","55.58","5.29M","0.64%"
"2017- 09- 27","56.07","55.76","56.54","55.31","5.97M","2.13%"
"2017- 09- 26","54.90","54.68","55.04","54.44","4.71M","0.66%"
"2017- 09- 25","54.54","54.29","54.84","54.08","5.44M","0.26%"
"2017- 09- 22","54.40","54.02","54.45","53.90","3.27M","0.18%"
"2017- 09- 21","54.30","54.10","54.48","53.70","4.66M","0.44%"
"2017- 09- 20","54.06","53.40","54.25","52.91","6.92M","1.12%"
"2017- 09- 19","53.46","53.11","53.60","53.04","4.31M","0.66%"
"2017- 09- 18","53.11","52.61","53.30","52.59","5.22M","1.41%"
"2017- 09- 15","52.37","52.07","52.47","51.97","5.24M","0.04%"
"2017- 09- 14","52.35","52.90","53.05","52.28","4.48M","-1.04%"
"2017- 09- 13","52.90","52.49","52.97","52.37","6.76M","0.38%"
"2017- 09- 12","52.70","51.72","52.81","51.72","10.13M","2.33%"
"2017- 09- 11","51.50","50.76","51.81","50.76","8.55M","2.67%"
"2017- 09- 08","50.16","49.42","50.44","49.42","7.11M","1.15%"
"2017- 09- 07","49.59","50.74","50.89","49.31","7.18M","-2.65%"
"2017- 09- 06","50.94","51.03","51.40","50.74","4.64M","0.18%"
"2017- 09- 05","50.85","51.98","52.12","50.78","6.00M","-3.11%"
"2017- 09- 01","52.48","52.10","52.74","51.98","3.40M","0.88%"
"2017- 08- 31","52.02","52.25","52.41","51.98","2.94M","-0.13%"
"2017- 08- 30","52.09","52.00","52.34","51.79","3.54M","0.46%"
"2017- 08- 29","51.85","51.50","52.03","51.38","3.48M","-0.80%"
"2017- 08- 28","52.27","52.74","52.85","52.06","3.08M","-0.82%"
"2017- 08- 25","52.70","52.47","52.88","52.46","3.05M","0.63%"
"2017- 08- 24","52.37","52.38","52.44","51.99","3.15M","0.42%"
"2017- 08- 23","52.15","51.51","52.51","51.40","3.32M","0.08%"
"2017- 08- 22","52.11","51.80","52.11","51.80","5.58M","1.01%"
"2017- 08- 21","51.59","51.55","51.69","51.26","5.27M","-0.19%"
"2017- 08- 18","51.69","51.33","52.06","51.11","6.64M","0.17%"
"2017- 08- 17","51.60","52.87","53.07","51.53","10.46M","-2.75%"
"2017- 08- 16","53.06","53.46","53.56","52.90","4.10M","-0.28%"
"2017- 08- 15","53.21","54.08","54.08","53.21","3.24M","-0.50%"
"2017- 08- 14","53.48","52.86","53.52","52.79","4.47M","2.31%"
"2017- 08- 11","52.27","52.77","53.06","52.02","5.68M","-0.76%"
"2017- 08- 10","52.67","53.55","53.72","52.63","9.03M","-2.59%"
"2017- 08- 09","54.07","54.02","54.41","53.86","4.21M","-1.17%"
"2017- 08- 08","54.71","54.44","55.54","54.43","4.18M","0.15%"
"2017- 08- 07","54.63","54.94","55.05","54.52","3.96M","-0.64%"
"2017- 08- 04","54.98","55.25","55.42","54.79","4.47M","0.90%"
"2017- 08- 03","54.49","54.73","54.92","54.37","3.49M","-0.75%"
"2017- 08- 02","54.90","54.93","55.06","54.45","3.46M","0.09%"
"2017- 08- 01","54.85","54.71","55.19","54.50","3.15M","0.68%"
"2017- 07- 31","54.48","54.34","54.79","54.19","4.57M","0.68%"
"2017- 07- 28","54.11","54.39","54.46","53.86","4.92M","-0.90%"
"2017- 07- 27","54.60","54.73","55.05","54.26","4.88M","0.02%"
"2017- 07- 26","54.59","55.77","55.88","54.43","6.66M","-1.99%"
"2017- 07- 25","55.70","55.70","56.02","55.47","6.48M","1.62%"
"2017- 07- 24","54.81","54.32","54.87","54.30","2.89M","1.03%"
"2017- 07- 21","54.25","54.80","54.99","54.08","3.93M","-0.90%"
"2017- 07- 20","54.74","54.78","55.17","54.41","3.29M","-0.16%"
"2017- 07- 19","54.83","55.05","55.20","54.45","4.21M","-0.04%"
"2017- 07- 18","54.85","54.67","55.04","54.44","4.86M","-0.38%"
"2017- 07- 17","55.06","55.02","55.29","54.55","3.04M","0.07%"
"2017- 07- 14","55.02","54.58","55.35","54.33","5.38M","-0.63%"
"2017- 07- 13","55.37","55.34","55.53","55.03","4.60M","0.36%"
"2017- 07- 12","55.17","55.01","55.52","54.94","4.71M","-0.22%"
"2017- 07- 11","55.29","55.41","55.48","54.87","3.53M","-0.18%"
"2017- 07- 10","55.39","55.48","55.72","55.21","3.21M","-0.50%"
"2017- 07- 07","55.67","55.73","55.84","55.02","3.79M","0.45%"
"2017- 07- 06","55.42","56.08","56.18","55.27","4.68M","-0.98%"
"2017- 07- 05","55.97","56.26","56.33","55.44","4.21M","-0.18%"
"2017- 07- 03","56.07","55.33","56.49","55.25","5.45M","2.04%"
"2017- 06- 30","54.95","55.49","55.54","54.69","6.48M","-0.45%"
"2017- 06- 29","55.20","55.80","55.94","54.51","11.12M","1.56%"
"2017- 06- 28","54.35","53.86","54.54","53.86","8.59M","1.47%"
"2017- 06- 27","53.56","53.64","54.19","53.43","5.60M","0.51%"
"2017- 06- 26","53.29","53.02","53.72","52.72","4.72M","0.72%"
"2017- 06- 23","52.91","53.54","53.59","52.72","6.61M","-0.64%"
"2017- 06- 22","53.25","53.46","53.66","52.87","5.18M","-0.67%"
"2017- 06- 21","53.61","54.53","54.53","53.53","5.37M","-1.36%"
"2017- 06- 20","54.35","54.90","55.11","54.33","4.01M","-1.31%"
"2017- 06- 19","55.07","55.42","55.76","54.91","5.84M","0.00%"
"2017- 06- 16","55.07","55.11","55.38","54.74","5.45M","-0.76%"
"2017- 06- 15","55.49","55.63","56.13","55.15","5.75M","-0.47%"
"2017- 06- 14","55.75","55.12","55.75","54.47","10.82M","0.00%"
"2017- 06- 13","55.75","56.00","56.31","55.54","6.63M","0.09%"
"2017- 06- 12","55.70","55.77","56.54","55.24","10.62M","-0.05%"
"2017- 06- 09","55.73","54.59","56.04","54.53","13.73M","3.05%"
"2017- 06- 08","54.08","52.45","54.75","52.27","16.62M","2.89%"
"2017- 06- 07","52.56","52.31","52.80","52.09","8.67M","1.04%"
"2017- 06- 06","52.02","51.86","52.34","51.54","7.80M","-0.71%"
"2017- 06- 05","52.39","52.37","52.95","52.35","6.44M","0.06%"
"2017- 06- 02","52.36","52.09","52.92","51.91","9.11M","-0.74%"
"2017- 06- 01","52.75","52.23","52.77","51.56","8.71M","1.78%"
"2017- 05- 31","51.83","52.29","52.50","51.09","13.09M","-0.82%"
"2017- 05- 30","52.26","52.49","52.65","51.82","7.89M","-1.10%"
"2017- 05- 26","52.84","53.00","53.15","52.71","4.30M","-0.68%"
"2017- 05- 25","53.20","53.30","53.65","52.94","5.74M","0.06%"
"2017- 05- 24","53.17","53.60","53.61","52.82","4.86M","-0.58%"
"2017- 05- 23","53.48","52.75","53.78","52.48","5.28M","1.44%"
"2017- 05- 22","52.72","52.69","52.85","52.16","3.71M","0.46%"
"2017- 05- 19","52.48","52.33","52.90","52.33","9.64M","0.29%"
"2017- 05- 18","52.33","51.79","52.59","51.69","10.49M","0.79%"
"2017- 05- 17","51.92","53.00","53.26","51.48","16.52M","-4.33%"
"2017- 05- 16","54.27","54.10","54.29","53.55","4.61M","0.46%"
"2017- 05- 15","54.02","53.72","54.19","53.56","4.41M","0.93%"
"2017- 05- 12","53.52","53.13","53.52","52.76","12.06M","-0.35%"
"2017- 05- 11","53.71","54.31","54.51","53.30","8.87M","-1.49%"
"2017- 05- 10","54.52","54.28","54.64","53.95","3.24M","0.13%"
"2017- 05- 09","54.45","55.01","55.28","54.16","4.56M","-0.73%"
"2017- 05- 08","54.85","54.69","54.92","54.44","4.67M","0.33%"
"2017- 05- 05","54.67","54.98","55.07","54.30","4.32M","-0.27%"
"2017- 05- 04","54.82","55.28","55.43","54.59","7.47M","0.18%"
"2017- 05- 03","54.72","53.94","54.77","53.68","6.28M","0.94%"
"2017- 05- 02","54.21","54.63","54.79","53.91","5.16M","-0.82%"
"2017- 05- 01","54.66","54.30","55.00","53.87","5.98M","1.13%"
"2017- 04- 28","54.05","54.95","55.18","53.98","7.06M","-1.76%"
"2017- 04- 27","55.02","55.76","55.79","54.70","6.19M","-1.06%"
"2017- 04- 26","55.61","54.99","56.10","54.83","9.15M","1.07%"
"2017- 04- 25","55.02","55.31","55.58","55.01","6.76M","0.36%"
"2017- 04- 24","54.82","54.88","55.53","54.73","8.77M","2.20%"
"2017- 04- 21","53.64","53.48","54.06","53.31","7.51M","-0.30%"
"2017- 04- 20","53.80","53.02","53.86","52.93","9.41M","2.11%"
"2017- 04- 19","52.69","52.71","53.21","52.44","5.53M","0.65%"
"2017- 04- 18","52.35","52.11","52.71","51.62","7.04M","-0.51%"
"2017- 04- 17","52.62","51.68","52.67","51.47","8.16M","1.76%"
"2017- 04- 13","51.71","52.46","52.88","51.68","11.19M","-2.12%"
"2017- 04- 12","52.83","53.53","53.68","52.63","7.33M","-1.40%"
"2017- 04- 11","53.58","52.93","53.61","52.60","9.29M","0.58%"
"2017- 04- 10","53.27","53.50","53.99","52.83","6.35M","-0.63%"
"2017- 04- 07","53.61","53.37","53.88","53.12","8.29M","-0.41%"
"2017- 04- 06","53.83","53.10","54.00","52.69","6.31M","1.34%"
"2017- 04- 05","53.12","54.64","54.90","53.08","8.45M","-1.85%"
"2017- 04- 04","54.12","53.71","54.37","53.71","7.05M","0.06%"
"2017- 04- 03","54.09","54.58","54.84","53.52","9.17M","-0.95%"
"2017- 03- 31","54.61","54.90","55.14","54.57","7.39M","-0.96%"
"2017- 03- 30","55.14","53.45","55.31","53.45","13.63M","3.08%"
"2017- 03- 29","53.49","53.56","53.84","53.14","5.19M","-0.34%"
"2017- 03- 28","53.67","52.56","53.94","52.54","7.72M","1.69%"
"2017- 03- 27","52.78","51.50","52.88","51.17","11.95M","-0.55%"
"2017- 03- 24","53.07","53.19","53.45","52.58","8.85M","0.15%"
"2017- 03- 23","52.99","52.44","53.70","52.31","11.71M","0.76%"
"2017- 03- 22","52.59","52.22","53.07","51.57","17.37M","-0.28%"
"2017- 03- 21","52.74","56.07","56.36","52.70","28.35M","-5.42%"
"2017- 03- 20","55.76","56.34","56.45","55.71","4.27M","-1.38%"
"2017- 03- 17","56.54","56.88","56.94","56.01","11.06M","-0.72%"
"2017- 03- 16","56.95","56.73","57.19","56.56","5.28M","0.92%"
"2017- 03- 15","56.43","57.06","57.48","56.30","14.06M","-0.84%"
"2017- 03- 14","56.91","56.75","56.98","56.09","5.49M","-0.26%"
"2017- 03- 13","57.06","57.02","57.45","56.76","3.84M","0.12%"
"2017- 03- 10","56.99","57.60","57.60","56.33","10.47M","-0.45%"
"2017- 03- 09","57.25","57.51","57.88","57.12","7.19M","-0.03%"
"2017- 03- 08","57.27","58.23","58.38","57.19","9.31M","-0.54%"
"2017- 03- 07","57.58","57.77","58.01","57.40","6.08M","-0.43%"
"2017- 03- 06","57.83","57.84","58.09","57.25","5.49M","-0.64%"
"2017- 03- 03","58.20","57.98","58.36","57.85","9.16M","0.66%"
"2017- 03- 02","57.82","59.52","59.68","57.75","7.21M","-2.59%"
"2017- 03- 01","59.36","58.76","59.60","58.50","10.84M","3.31%"
"2017- 02- 28","57.46","57.73","57.81","57.17","5.31M","-0.86%"
"2017- 02- 27","57.96","57.55","57.96","57.42","4.77M","0.87%"
"2017- 02- 24","57.46","57.20","57.53","57.04","5.94M","-0.83%"
"2017- 02- 23","57.94","57.99","58.03","57.16","5.09M","0.07%"
"2017- 02- 22","57.90","57.55","58.17","57.55","3.99M","-0.09%"
"2017- 02- 21","57.95","58.06","58.24","57.60","4.01M","0.43%"
"2017- 02- 17","57.70","57.28","57.70","57.01","5.26M","-0.29%"
"2017- 02- 16","57.87","57.95","58.04","57.33","6.80M","-0.14%"
"2017- 02- 15","57.95","58.06","58.11","57.51","6.23M","0.43%"
"2017- 02- 14","57.70","56.74","57.78","56.49","8.33M","1.78%"
"2017- 02- 13","56.69","56.55","57.14","56.50","6.08M","0.93%"
"2017- 02- 10","56.17","56.18","56.31","55.78","6.16M","0.47%"
"2017- 02- 09","55.91","55.18","56.00","55.00","9.22M","1.82%"
"2017- 02- 08","54.91","55.15","55.27","54.40","6.38M","-0.99%"
"2017- 02- 07","55.46","55.88","56.01","55.23","4.35M","-0.38%"
"2017- 02- 06","55.67","55.67","56.21","55.57","6.11M","-0.73%"
"2017- 02- 03","56.08","55.49","56.15","55.14","6.81M","2.62%"
"2017- 02- 02","54.65","54.83","55.06","54.35","7.29M","-1.14%"
"2017- 02- 01","55.28","56.03","56.51","55.13","7.59M","-0.22%"
"2017- 01- 31","55.40","55.30","55.81","54.98","5.84M","-0.11%"
"2017- 01- 30","55.46","55.89","55.89","54.82","7.71M","-1.47%"
"2017- 01- 27","56.29","56.80","56.82","56.14","6.32M","-1.04%"
"2017- 01- 26","56.88","56.61","56.99","56.35","6.32M","0.82%"
"2017- 01- 25","56.42","55.98","56.55","55.89","7.04M","1.88%"
"2017- 01- 24","55.38","54.63","55.53","54.39","6.38M","1.90%"
"2017- 01- 23","54.35","54.29","54.63","53.88","5.26M","-0.31%"
"2017- 01- 20","54.52","54.29","54.90","54.27","8.46M","0.78%"
"2017- 01- 19","54.10","54.73","54.83","53.80","8.10M","-0.53%"
"2017- 01- 18","54.39","54.10","54.46","53.48","7.62M","1.12%"
"2017- 01- 17","53.79","55.17","55.17","53.72","11.25M","-3.62%"
"2017- 01- 13","55.81","55.70","56.67","55.52","7.61M","1.12%"
"2017- 01- 12","55.19","55.79","55.82","54.58","7.29M","-1.60%"
"2017- 01- 11","56.09","55.61","56.11","55.28","7.56M","0.59%"
"2017- 01- 10","55.76","55.24","55.96","55.01","5.75M","0.94%"
"2017- 01- 09","55.24","55.40","55.60","54.85","4.44M","-0.97%"
"2017- 01- 06","55.78","55.99","56.18","55.52","5.53M","0.41%"
"2017- 01- 05","55.55","56.11","56.50","55.07","7.65M","-1.58%"
"2017- 01- 04","56.44","55.94","56.59","55.69","5.98M","1.57%"
"2017- 01- 03","55.57","56.48","56.73","55.23","8.19M","0.00%"
"2016- 12- 30","55.57","55.50","55.71","55.18","6.60M","0.40%"
"2016- 12- 29","55.35","55.86","56.16","55.07","3.91M","-0.84%"
"2016- 12- 28","55.82","56.52","56.54","55.66","6.18M","-1.13%"
"2016- 12- 27","56.46","56.36","56.47","56.16","5.09M","0.62%"
"2016- 12- 23","56.11","55.96","56.14","55.87","3.09M","0.04%"
"2016- 12- 22","56.09","56.04","56.20","55.67","5.64M","0.30%"
"2016- 12- 21","55.92","56.05","56.12","55.69","5.89M","-0.34%"
"2016- 12- 20","56.11","55.54","56.12","55.30","5.85M","1.89%"
"2016- 12- 19","55.07","54.95","55.12","54.27","8.20M","0.60%"
"2016- 12- 16","54.74","55.67","55.81","54.62","8.77M","-1.62%"
"2016- 12- 15","55.64","55.20","55.93","54.72","9.96M","1.46%"
"2016- 12- 14","54.84","54.47","55.81","54.33","14.56M","-0.33%"
"2016- 12- 13","55.02","55.14","55.44","54.47","8.07M","0.15%"
"2016- 12- 12","54.94","55.94","56.10","54.78","9.40M","-1.95%"
"2016- 12- 09","56.03","56.02","56.05","55.39","7.42M","0.21%"
"2016- 12- 08","55.91","55.32","56.29","55.11","11.92M","1.58%"
"2016- 12- 07","55.04","54.47","55.07","54.22","7.70M","0.99%"
"2016- 12- 06","54.50","53.93","54.50","53.58","7.12M","1.53%"
"2016- 12- 05","53.68","53.49","53.95","53.35","6.81M","1.23%"
"2016- 12- 02","53.03","53.31","53.32","52.75","8.77M","-0.80%"
"2016- 12- 01","53.46","52.80","53.64","52.60","10.06M","2.00%"
"2016- 11- 30","52.41","52.21","52.59","52.17","8.77M","1.81%"
"2016- 11- 29","51.48","51.44","51.85","51.30","5.99M","0.33%"
"2016- 11- 28","51.31","51.81","52.22","51.18","9.03M","-1.89%"
"2016- 11- 25","52.30","52.44","52.49","52.09","2.11M","0.00%"
"2016- 11- 23","52.30","52.38","52.45","51.89","8.82M","0.62%"
"2016- 11- 22","51.98","51.70","52.04","51.58","10.09M","0.62%"
"2016- 11- 21","51.66","51.71","51.79","51.21","6.44M","0.31%"
"2016- 11- 18","51.50","51.21","51.63","50.96","12.27M","0.68%"
"2016- 11- 17","51.15","50.54","51.19","50.23","10.63M","1.45%"
"2016- 11- 16","50.42","50.33","50.74","50.17","11.31M","-1.45%"
"2016- 11- 15","51.16","50.25","51.17","49.60","11.33M","0.65%"
"2016- 11- 14","50.83","50.09","51.66","50.03","17.28M","2.71%"
"2016- 11- 11","49.49","48.16","49.56","48.10","14.35M","2.25%"
"2016- 11- 10","48.40","47.29","48.80","47.16","20.67M","4.20%"
"2016- 11- 09","46.45","44.86","46.69","44.66","23.15M","5.64%"
"2016- 11- 08","43.97","43.92","44.27","43.59","5.60M","-0.57%"
"2016- 11- 07","44.22","43.92","44.32","43.63","6.26M","2.86%"
"2016- 11- 04","42.99","43.04","43.52","42.61","6.14M","0.12%"
"2016- 11- 03","42.94","43.08","43.35","42.86","4.31M","0.07%"
"2016- 11- 02","42.91","43.53","43.55","42.69","6.28M","-1.79%"
"2016- 11- 01","43.69","44.00","44.15","43.20","9.34M","-0.23%"
"2016- 10- 31","43.79","43.63","43.94","43.56","8.45M","0.69%"
"2016- 10- 28","43.49","44.20","44.20","43.35","6.40M","-1.16%"
"2016- 10- 27","44.00","44.05","44.30","43.66","6.21M","0.69%"
"2016- 10- 26","43.70","43.29","43.89","43.18","6.06M","0.74%"
"2016- 10- 25","43.38","43.42","43.74","43.25","2.93M","-0.37%"
"2016- 10- 24","43.54","43.50","43.75","43.38","3.96M","0.81%"
"2016- 10- 21","43.19","42.77","43.23","42.65","3.65M","0.28%"
"2016- 10- 20","43.07","42.87","43.36","42.74","3.96M","0.28%"
"2016- 10- 19","42.95","42.33","43.08","42.27","5.57M","1.97%"
"2016- 10- 18","42.12","42.04","42.19","41.71","2.54M","0.98%"
"2016- 10- 17","41.71","42.05","42.17","41.60","3.06M","-0.69%"
"2016- 10- 14","42.00","42.35","42.50","41.86","4.12M","0.50%"
"2016- 10- 13","41.79","42.29","42.66","41.36","7.77M","-2.43%"
"2016- 10- 12","42.83","42.90","43.19","42.82","5.18M","-0.16%"
"2016- 10- 11","42.90","43.50","43.62","42.68","5.53M","-1.31%"
"2016- 10- 10","43.47","43.59","43.70","43.36","4.12M","0.53%"
"2016- 10- 07","43.24","43.09","43.42","42.77","6.36M","0.07%"
"2016- 10- 06","43.21","43.65","43.65","42.94","4.76M","-0.16%"
"2016- 10- 05","43.28","42.63","43.45","42.56","6.53M","1.93%"
"2016- 10- 04","42.46","42.06","42.72","41.98","6.77M","1.43%"
"2016- 10- 03","41.86","42.05","42.31","41.81","3.65M","-0.97%"
"2016- 09- 30","42.27","41.80","42.41","41.57","3.53M","1.81%"
"2016- 09- 29","41.52","42.23","42.47","41.39","7.53M","-1.66%"
"2016- 09- 28","42.22","41.88","42.22","41.55","2.72M","1.22%"
"2016- 09- 27","41.71","41.05","41.71","40.97","3.70M","1.04%"
"2016- 09- 26","41.28","41.91","41.94","41.26","4.82M","-2.25%"
"2016- 09- 23","42.23","41.93","42.54","41.93","7.22M","0.02%"
"2016- 09- 22","42.22","42.16","42.26","41.77","5.72M","0.79%"
"2016- 09- 21","41.89","41.87","42.19","41.53","6.30M","0.46%"
"2016- 09- 20","41.70","42.13","42.13","41.64","2.82M","-0.14%"
"2016- 09- 19","41.76","41.81","42.13","41.54","5.50M","0.38%"
"2016- 09- 16","41.60","41.64","41.79","41.37","5.35M","-1.33%"
"2016- 09- 15","42.16","41.66","42.21","41.63","5.95M","1.01%"
"2016- 09- 14","41.74","42.13","42.31","41.70","11.02M","-0.88%"
"2016- 09- 13","42.11","42.27","42.28","41.55","6.07M","-1.45%"
"2016- 09- 12","42.73","42.18","42.80","41.77","6.23M","0.64%"
"2016- 09- 09","42.46","42.91","42.98","42.42","6.46M","-0.70%"
"2016- 09- 08","42.76","42.84","42.99","42.47","4.12M","0.28%"
"2016- 09- 07","42.64","42.30","42.66","42.05","4.03M","0.78%"
"2016- 09- 06","42.31","43.09","43.11","42.14","8.67M","-1.81%"
"2016- 09- 02","43.09","42.98","43.09","42.49","4.48M","0.87%"
"2016- 09- 01","42.72","43.12","43.27","42.33","7.66M","-0.70%"
"2016- 08- 31","43.02","43.00","43.07","42.48","10.47M","0.33%"
"2016- 08- 30","42.88","42.53","42.90","42.50","6.38M","1.06%"
"2016- 08- 29","42.43","42.19","42.62","42.13","6.26M","0.76%"
"2016- 08- 26","42.11","42.00","42.34","41.80","10.80M","0.67%"
"2016- 08- 25","41.83","41.54","41.89","41.53","3.11M","0.48%"
"2016- 08- 24","41.63","41.73","41.91","41.38","3.80M","-0.10%"
"2016- 08- 23","41.67","41.65","41.89","41.65","2.16M","0.26%"
"2016- 08- 22","41.56","41.29","41.67","41.16","2.03M","0.02%"
"2016- 08- 19","41.55","41.40","41.60","41.27","2.81M","0.17%"
"2016- 08- 18","41.48","41.26","41.56","41.22","2.90M","0.44%"
"2016- 08- 17","41.30","41.09","41.49","41.04","3.96M","0.32%"
"2016- 08- 16","41.17","41.11","41.39","40.98","3.92M","-0.27%"
"2016- 08- 15","41.28","40.96","41.35","40.84","2.92M","1.50%"
"2016- 08- 12","40.67","40.35","40.69","40.29","2.64M","-0.47%"
"2016- 08- 11","40.86","40.81","41.00","40.65","5.11M","0.25%"
"2016- 08- 10","40.76","41.20","41.24","40.70","8.72M","-1.31%"
"2016- 08- 09","41.30","41.15","41.40","41.09","2.70M","0.24%"
"2016- 08- 08","41.20","41.44","41.64","41.12","2.94M","-0.27%"
"2016- 08- 05","41.31","40.90","41.34","40.36","7.25M","3.46%"
"2016- 08- 04","39.93","39.76","40.13","39.76","3.47M","0.13%"
"2016- 08- 03","39.88","39.24","39.91","39.15","2.94M","1.40%"
"2016- 08- 02","39.33","39.76","39.83","39.15","4.32M","-0.88%"
"2016- 08- 01","39.68","40.24","40.40","39.63","3.25M","-1.05%"
"2016- 07- 29","40.10","40.07","40.50","39.99","3.39M","-0.45%"
"2016- 07- 28","40.28","40.14","40.44","39.85","3.19M","0.00%"
"2016- 07- 27","40.28","40.24","40.75","40.18","7.60M","0.25%"
"2016- 07- 26","40.18","39.92","40.23","39.80","3.95M","0.55%"
"2016- 07- 25","39.96","40.01","40.16","39.87","2.28M","-0.32%"
"2016- 07- 22","40.09","39.78","40.20","39.49","3.10M","0.91%"
"2016- 07- 21","39.73","40.11","40.21","39.63","4.67M","-0.68%"
"2016- 07- 20","40.00","40.30","40.30","39.81","3.96M","-0.47%"
"2016- 07- 19","40.19","39.95","40.45","39.46","3.68M","0.12%"
"2016- 07- 18","40.14","40.08","40.42","40.08","4.22M","-0.52%"
"2016- 07- 15","40.35","40.67","40.67","40.20","4.38M","0.20%"
"2016- 07- 14","40.27","40.54","40.54","40.13","8.13M","1.56%"
"2016- 07- 13","39.65","39.49","39.73","39.36","3.85M","0.05%"
"2016- 07- 12","39.63","39.34","39.75","39.15","4.99M","2.30%"
"2016- 07- 11","38.74","38.61","38.92","38.60","5.24M","1.31%"
"2016- 07- 08","38.24","38.20","38.59","38.08","5.02M","1.57%"
"2016- 07- 07","37.65","37.43","37.88","37.27","5.96M","1.43%"
"2016- 07- 06","37.12","36.55","37.21","36.15","4.90M","0.73%"
"2016- 07- 05","36.85","37.44","37.58","36.56","5.11M","-3.00%"
"2016- 07- 01","37.99","38.01","38.37","37.66","6.16M","-1.07%"
"2016- 06- 30","38.40","38.01","38.45","37.44","7.41M","2.29%"
"2016- 06- 29","37.54","37.18","37.59","36.85","6.01M","2.57%"
"2016- 06- 28","36.60","36.10","36.73","35.86","10.18M","3.07%"
"2016- 06- 27","35.51","36.93","37.18","35.29","14.78M","-5.63%"
"2016- 06- 24","37.63","38.31","38.75","37.60","9.03M","-7.25%"
"2016- 06- 23","40.57","39.91","40.60","39.83","7.29M","3.26%"
"2016- 06- 22","39.29","39.32","39.87","39.24","3.53M","-0.13%"
"2016- 06- 21","39.34","39.29","39.41","38.87","3.10M","0.38%"
"2016- 06- 20","39.19","39.59","40.04","39.15","4.55M","1.03%"
"2016- 06- 17","38.79","38.92","39.15","38.47","3.91M","0.03%"
"2016- 06- 16","38.78","38.97","39.05","38.39","10.23M","-1.42%"
"2016- 06- 15","39.34","39.17","39.98","39.07","6.96M","0.51%"
"2016- 06- 14","39.14","39.77","40.21","38.94","7.11M","-2.25%"
"2016- 06- 13","40.04","40.21","40.69","39.93","4.83M","-1.21%"
"2016- 06- 10","40.53","40.50","40.79","40.30","5.62M","-1.39%"
"2016- 06- 09","41.10","41.19","41.36","40.73","6.60M","-1.37%"
"2016- 06- 08","41.67","41.50","41.76","41.42","2.67M","0.26%"
"2016- 06- 07","41.56","41.78","41.94","41.54","2.55M","-0.53%"
"2016- 06- 06","41.78","41.45","42.04","41.20","5.30M","1.43%"
"2016- 06- 03","41.19","41.10","41.26","40.18","8.41M","-1.88%"
"2016- 06- 02","41.98","41.64","42.01","41.45","3.62M","0.38%"
"2016- 06- 01","41.82","41.33","41.90","40.98","3.85M","0.41%"
"2016- 05- 31","41.65","41.95","41.97","41.49","5.09M","-0.14%"
"2016- 05- 27","41.71","41.36","41.73","41.25","4.62M","1.07%"
"2016- 05- 26","41.27","41.67","41.76","41.16","6.33M","-0.96%"
"2016- 05- 25","41.67","41.19","41.91","41.11","8.58M","1.68%"
"2016- 05- 24","40.98","40.49","41.17","40.38","5.17M","1.97%"
"2016- 05- 23","40.19","40.23","40.42","39.85","3.67M","-0.15%"
"2016- 05- 20","40.25","40.14","40.59","40.03","4.46M","0.83%"
"2016- 05- 19","39.92","40.12","40.57","39.53","6.22M","-1.02%"
"2016- 05- 18","40.33","38.63","40.43","38.63","8.85M","4.24%"
"2016- 05- 17","38.69","38.76","39.42","38.52","5.35M","-0.67%"
"2016- 05- 16","38.95","38.38","39.20","38.38","4.06M","1.54%"
"2016- 05- 13","38.36","39.10","39.53","38.23","9.81M","-1.87%"
"2016- 05- 12","39.09","39.55","39.84","38.83","7.97M","-0.69%"
"2016- 05- 11","39.36","39.30","39.82","39.25","3.19M","-0.38%"
"2016- 05- 10","39.51","39.01","39.63","38.93","3.06M","1.93%"
"2016- 05- 09","38.76","38.75","39.16","38.51","3.06M","-0.26%"
"2016- 05- 06","38.86","38.43","38.89","38.35","4.02M","0.41%"
"2016- 05- 05","38.70","39.03","39.26","38.58","3.31M","-0.59%"
"2016- 05- 04","38.93","39.30","39.69","38.46","5.17M","-1.82%"
"2016- 05- 03","39.65","39.92","40.10","39.30","4.99M","-2.39%"
"2016- 05- 02","40.62","40.54","40.69","40.11","3.00M","0.67%"
"2016- 04- 29","40.35","40.23","40.68","40.07","4.95M","-0.47%"
"2016- 04- 28","40.54","40.50","41.05","40.37","4.14M","-1.12%"
"2016- 04- 27","41.00","41.07","41.18","40.59","5.37M","-0.12%"
"2016- 04- 26","41.05","40.59","41.11","40.42","6.34M","1.33%"
"2016- 04- 25","40.51","40.64","40.69","40.12","5.06M","-0.74%"
"2016- 04- 22","40.81","40.31","40.93","40.31","5.31M","0.94%"
"2016- 04- 21","40.43","40.75","41.05","40.35","5.49M","-0.69%"
"2016- 04- 20","40.71","40.14","40.75","39.96","5.71M","1.24%"
"2016- 04- 19","40.21","39.73","40.21","39.53","5.34M","1.51%"
"2016- 04- 18","39.61","38.95","39.71","38.84","4.57M","1.05%"
"2016- 04- 15","39.20","39.38","39.59","39.02","3.86M","-0.43%"
"2016- 04- 14","39.37","38.98","39.86","38.77","6.66M","0.90%"
"2016- 04- 13","39.02","37.93","39.06","37.93","7.57M","3.80%"
"2016- 04- 12","37.59","36.93","37.61","36.81","5.58M","1.93%"
"2016- 04- 11","36.88","36.79","37.46","36.73","4.63M","0.93%"
"2016- 04- 08","36.54","36.63","37.17","36.38","4.88M","0.74%"
"2016- 04- 07","36.27","36.93","37.02","36.06","5.48M","-2.74%"
"2016- 04- 06","37.29","36.88","37.34","36.68","5.92M","1.03%"
"2016- 04- 05","36.91","37.22","37.60","36.88","5.06M","-2.20%"
"2016- 04- 04","37.74","37.70","38.09","37.43","4.06M","-0.03%"
"2016- 04- 01","37.75","37.41","37.78","37.00","3.32M","0.29%"
"2016- 03- 31","37.64","37.82","38.13","37.37","4.36M","-1.05%"
"2016- 03- 30","38.04","38.01","38.46","37.86","5.43M","0.88%"
"2016- 03- 29","37.71","37.35","37.83","36.80","6.22M","-0.03%"
"2016- 03- 28","37.72","37.76","37.93","37.42","3.74M","-0.11%"
"2016- 03- 24","37.76","37.56","37.78","37.17","5.28M","-0.42%"
"2016- 03- 23","37.92","38.32","38.33","37.87","6.06M","-1.40%"
"2016- 03- 22","38.46","38.14","38.58","37.94","4.34M","0.03%"
"2016- 03- 21","38.45","38.41","38.74","38.08","4.55M","-0.13%"
"2016- 03- 18","38.50","38.19","38.82","38.00","6.90M","1.10%"
"2016- 03- 17","38.08","37.53","38.20","37.10","6.38M","1.20%"
"2016- 03- 16","37.63","37.92","38.42","37.31","8.13M","-1.10%"
"2016- 03- 15","38.05","37.92","38.12","37.77","4.81M","-0.68%"
"2016- 03- 14","38.31","38.41","38.50","37.95","3.99M","-0.49%"
"2016- 03- 11","38.50","37.83","38.56","37.77","5.56M","2.78%"
"2016- 03- 10","37.46","37.42","37.68","36.75","7.52M","0.94%"
"2016- 03- 09","37.11","37.70","37.74","36.98","5.34M","-0.80%"
"2016- 03- 08","37.41","37.94","38.11","37.31","7.94M","-2.48%"
"2016- 03- 07","38.36","38.00","38.47","37.94","3.86M","-0.03%"
"2016- 03- 04","38.37","38.25","38.64","38.00","7.97M","1.19%"
"2016- 03- 03","37.92","37.18","37.96","37.13","7.14M","1.91%"
"2016- 03- 02","37.21","36.35","37.25","36.35","6.12M","1.86%"
"2016- 03- 01","36.53","35.27","36.58","35.27","6.90M","4.16%"
"2016- 02- 29","35.07","35.83","35.89","35.05","6.60M","-2.28%"
"2016- 02- 26","35.89","35.47","36.24","34.97","8.81M","1.99%"
"2016- 02- 25","35.19","34.74","35.26","34.58","4.38M","1.59%"
"2016- 02- 24","34.64","34.33","34.73","33.71","9.97M","-0.72%"
"2016- 02- 23","34.89","35.69","35.75","34.62","7.61M","-2.65%"
"2016- 02- 22","35.84","35.50","35.87","35.50","6.26M","1.99%"
"2016- 02- 19","35.14","34.72","35.21","34.60","5.42M","0.69%"
"2016- 02- 18","34.90","35.67","35.75","34.64","8.08M","-1.66%"
"2016- 02- 17","35.49","35.76","36.12","35.37","5.85M","-0.03%"
"2016- 02- 16","35.50","35.02","35.81","34.60","5.89M","2.96%"
"2016- 02- 12","34.48","33.56","34.59","33.50","8.72M","4.83%"
"2016- 02- 11","32.89","33.35","33.56","32.62","12.88M","-3.75%"
"2016- 02- 10","34.17","34.77","35.18","34.17","6.76M","-0.87%"
"2016- 02- 09","34.47","33.76","34.75","33.69","6.84M","0.38%"
"2016- 02- 08","34.34","34.67","34.88","33.90","12.70M","-2.72%"
"2016- 02- 05","35.30","35.98","36.28","35.22","10.62M","-1.62%"
"2016- 02- 04","35.88","35.39","36.32","35.32","11.90M","0.99%"
"2016- 02- 03","35.53","35.42","35.61","34.25","13.30M","0.71%"
"2016- 02- 02","35.28","35.89","36.03","35.04","9.58M","-3.05%"
"2016- 02- 01","36.39","36.36","36.60","36.03","9.24M","-0.74%"
"2016- 01- 29","36.66","36.08","36.66","35.90","7.68M","1.64%"
"2016- 01- 28","36.07","35.97","36.47","35.85","11.88M","1.38%"
"2016- 01- 27","35.58","35.17","36.37","34.97","11.68M","1.34%"
"2016- 01- 26","35.11","34.38","35.24","34.38","11.94M","2.54%"
"2016- 01- 25","34.24","35.56","35.62","34.21","11.98M","-4.17%"
"2016- 01- 22","35.73","35.78","36.00","35.46","8.65M","1.25%"
"2016- 01- 21","35.29","35.93","36.28","35.28","7.27M","-1.45%"
"2016- 01- 20","35.81","35.59","36.25","34.78","14.04M","-1.38%"
"2016- 01- 19","36.31","36.97","37.15","36.01","9.73M","-0.95%"
"2016- 01- 15","36.66","36.15","36.71","35.81","12.37M","-1.87%"
"2016- 01- 14","37.36","37.20","37.68","36.65","9.07M","0.84%"
"2016- 01- 13","37.05","38.62","38.75","36.83","10.87M","-3.62%"
"2016- 01- 12","38.44","38.75","38.79","37.76","7.04M","0.50%"
"2016- 01- 11","38.25","38.42","38.78","37.98","8.96M","-0.21%"
"2016- 01- 08","38.33","39.42","39.59","38.28","6.67M","-2.04%"
"2016- 01- 07","39.13","39.50","39.89","39.05","8.26M","-3.02%"
"2016- 01- 06","40.35","40.14","40.64","39.97","5.32M","-1.22%"
"2016- 01- 05","40.85","40.97","41.22","40.57","5.44M","-0.10%"
"2016- 01- 04","40.89","41.09","41.27","40.54","7.62M","-2.46%"